State,County,max_aqi,p90_aqi,median_aqi,mean_days_unhealthy,mean_days_sensitive,risk_label
California,Mono,8368,224,28.333333333333332,5.5,5.333333333333333,Extreme Risk
Arizona,Maricopa,366,216,88.16666666666667,27.0,63.166666666666664,Extreme Risk
California,San Bernardino,593,185,84.16666666666667,54.833333333333336,66.66666666666667,Extreme Risk
California,Riverside,1683,174,84.33333333333333,39.333333333333336,82.5,Extreme Risk
California,Plumas,755,170,53.666666666666664,8.666666666666666,16.666666666666668,Extreme Risk
California,Trinity,1217,168,33.833333333333336,6.666666666666667,4.666666666666667,Extreme Risk
Texas,El Paso,2122,158,63.666666666666664,3.8333333333333335,25.333333333333332,Extreme Risk
California,Fresno,346,154,66.66666666666667,11.5,55.5,Extreme Risk
California,Tulare,961,154,72.83333333333333,20.5,79.33333333333333,Extreme Risk
California,Kern,314,147,74.83333333333333,17.0,76.66666666666667,Extreme Risk
Oregon,Klamath,763,134,41.333333333333336,9.666666666666666,10.0,Extreme Risk
California,Inyo,1551,130,58.666666666666664,7.5,17.166666666666668,Extreme Risk
New Mexico,Dona Ana,692,130,57.833333333333336,4.666666666666667,19.5,Extreme Risk
California,Kings,685,124,62.333333333333336,4.5,34.333333333333336,Extreme Risk
Arizona,Pinal,1215,121,68.5,3.8333333333333335,45.666666666666664,Extreme Risk
Alaska,Fairbanks North Star ,325,118,41.5,13.666666666666666,16.333333333333332,Extreme Risk
Oregon,Lane,1000,116,44.833333333333336,6.333333333333333,6.333333333333333,Extreme Risk
California,Nevada,326,115,44.666666666666664,4.5,10.333333333333334,Extreme Risk
California,Placer,692,115,53.666666666666664,4.666666666666667,17.0,Extreme Risk
California,Mariposa,1073,111,47.166666666666664,7.166666666666667,12.666666666666666,Extreme Risk
Puerto Rico,Catano,332,111,43.333333333333336,3.3333333333333335,9.5,Extreme Risk
California,Butte,508,110,50.0,4.5,6.5,Extreme Risk
California,Imperial,791,108,61.5,4.166666666666667,30.333333333333332,Extreme Risk
Nevada,Clark,480,101,63.333333333333336,1.8333333333333333,27.166666666666668,Extreme Risk
California,Sacramento,381,100,52.166666666666664,3.6666666666666665,15.666666666666666,Extreme Risk
New Mexico,Bernalillo,825,100,60.333333333333336,1.8333333333333333,15.5,Extreme Risk
Oregon,Jackson,900,99,44.0,5.666666666666667,3.1666666666666665,Extreme Risk
Nevada,Washoe,333,95,50.5,4.166666666666667,5.666666666666667,Extreme Risk
California,El Dorado,375,93,42.666666666666664,2.0,9.833333333333334,Extreme Risk
California,Shasta,1435,93,44.166666666666664,2.3333333333333335,5.833333333333333,Extreme Risk
California,San Luis Obispo,334,90,51.333333333333336,1.1666666666666667,9.166666666666666,Extreme Risk
California,Sutter,356,90,51.666666666666664,3.0,7.5,Extreme Risk
Washington,Yakima,743,90,44.333333333333336,3.1666666666666665,5.0,Extreme Risk
Arizona,Pima,357,87,54.833333333333336,0.8333333333333334,9.5,Extreme Risk
Wyoming,Campbell,584,87,44.666666666666664,0.6666666666666666,5.833333333333333,Extreme Risk
California,Siskiyou,468,86,35.5,6.666666666666667,4.333333333333333,Extreme Risk
Washington,Okanogan,618,86,45.166666666666664,3.1666666666666665,2.1666666666666665,Extreme Risk
California,Los Angeles,281,166,77.0,34.0,66.83333333333333,High Risk
Country Of Mexico,BAJA CALIFORNIA NORTE,187,158,83.33333333333333,20.666666666666668,35.0,High Risk
Idaho,Boise,265,138,44.0,6.333333333333333,5.833333333333333,High Risk
Texas,Cameron,184,124,53.666666666666664,2.6666666666666665,11.333333333333334,High Risk
Texas,Harris,205,121,60.333333333333336,7.166666666666667,24.333333333333332,High Risk
Colorado,Jefferson,174,115,48.333333333333336,3.8333333333333335,26.333333333333332,High Risk
California,Madera,275,113,53.833333333333336,3.8333333333333335,19.0,High Risk
Colorado,Larimer,161,112,52.166666666666664,1.5,18.666666666666668,High Risk
California,Orange,218,108,53.666666666666664,3.0,13.5,High Risk
California,San Diego,192,108,66.0,4.0,30.5,High Risk
Colorado,Douglas,177,108,47.833333333333336,2.8333333333333335,17.833333333333332,High Risk
Utah,Salt Lake,230,108,55.833333333333336,2.6666666666666665,25.833333333333332,High Risk
Wisconsin,Rock,177,108,41.166666666666664,0.3333333333333333,4.166666666666667,High Risk
California,Stanislaus,195,105,55.0,3.6666666666666665,24.5,High Risk
Colorado,Arapahoe,161,101,47.5,1.1666666666666667,13.333333333333334,High Risk
Colorado,Weld,164,101,53.0,0.6666666666666666,15.166666666666666,High Risk
Utah,Uintah,215,101,49.5,3.3333333333333335,9.333333333333334,High Risk
California,Merced,194,100,52.166666666666664,3.0,18.333333333333332,High Risk
California,Tehama,218,100,43.333333333333336,5.666666666666667,7.333333333333333,High Risk
Colorado,Boulder,181,100,49.833333333333336,1.3333333333333333,12.333333333333334,High Risk
Colorado,Denver,179,100,53.833333333333336,1.5,15.166666666666666,High Risk
New Mexico,Eddy,179,100,48.333333333333336,0.8333333333333334,22.166666666666668,High Risk
Wisconsin,Sheboygan,207,100,41.0,1.0,6.5,High Risk
Utah,Duchesne,215,99,47.833333333333336,2.5,7.0,High Risk
Arizona,Gila,196,97,46.833333333333336,1.8333333333333333,14.0,High Risk
California,San Joaquin,215,97,49.833333333333336,2.3333333333333335,9.833333333333334,High Risk
Idaho,Ada,214,97,44.166666666666664,2.8333333333333335,10.5,High Risk
Texas,Tarrant,209,97,54.166666666666664,2.6666666666666665,16.833333333333332,High Risk
Wisconsin,Jefferson,140,97,40.0,0.0,3.5,High Risk
Wisconsin,Racine,200,97,41.333333333333336,0.8333333333333334,7.333333333333333,High Risk
Illinois,Cook,223,94,55.833333333333336,2.8333333333333335,16.5,High Risk
Montana,Missoula,190,94,49.666666666666664,2.8333333333333335,9.833333333333334,High Risk
Colorado,Adams,174,93,50.833333333333336,1.0,11.833333333333334,High Risk
Colorado,Chaffee,119,93,53.2,0.0,3.8,High Risk
Colorado,Clear Creek,156,93,48.5,0.6666666666666666,9.166666666666666,High Risk
Colorado,El Paso,166,93,47.333333333333336,0.6666666666666666,8.166666666666666,High Risk
South Dakota,Minnehaha,193,93,38.333333333333336,1.0,5.0,High Risk
Texas,Denton,187,93,46.5,2.1666666666666665,16.833333333333332,High Risk
Wisconsin,Columbia,159,93,40.0,0.3333333333333333,3.5,High Risk
Wisconsin,Walworth,143,93,41.5,0.0,4.5,High Risk
Country Of Mexico,SONORA,193,92,48.0,1.0,6.166666666666667,High Risk
Idaho,Lemhi,212,92,38.166666666666664,3.5,9.333333333333334,High Risk
Utah,Davis,157,92,46.833333333333336,0.5,13.666666666666666,High Risk
Nebraska,Douglas,169,91,43.333333333333336,0.5,5.333333333333333,High Risk
Nevada,Douglas,279,91,23.0,5.333333333333333,2.3333333333333335,High Risk
California,Ventura,176,90,50.166666666666664,1.0,12.666666666666666,High Risk
Iowa,Harrison,140,90,40.166666666666664,0.0,3.0,High Risk
Alabama,Jefferson,255,89,55.833333333333336,0.8333333333333334,5.0,High Risk
Indiana,Marion,259,89,56.0,1.0,7.833333333333333,High Risk
Michigan,Wayne,226,89,56.5,1.5,10.0,High Risk
Minnesota,Scott,179,88,40.833333333333336,0.8333333333333334,2.3333333333333335,High Risk
California,Colusa,225,87,48.166666666666664,4.666666666666667,3.1666666666666665,High Risk
Colorado,Garfield,158,87,48.833333333333336,0.16666666666666666,4.166666666666667,High Risk
Illinois,Kane,174,87,43.666666666666664,1.1666666666666667,5.833333333333333,High Risk
Michigan,Muskegon,187,87,38.666666666666664,0.3333333333333333,6.0,High Risk
Minnesota,Wright,193,87,41.666666666666664,0.8333333333333334,4.333333333333333,High Risk
Missouri,Saint Charles,147,87,42.333333333333336,0.0,5.166666666666667,High Risk
New Mexico,San Juan,220,87,46.5,0.16666666666666666,6.333333333333333,High Risk
Oklahoma,Carter,160,87,43.166666666666664,0.3333333333333333,5.5,High Risk
Oklahoma,McClain,143,87,44.4,0.0,5.2,High Risk
Oklahoma,Ottawa,305,87,52.0,1.5,4.833333333333333,High Risk
Texas,Bexar,309,87,53.666666666666664,0.6666666666666666,11.333333333333334,High Risk
Texas,Hidalgo,157,87,49.5,1.1666666666666667,5.166666666666667,High Risk
Utah,Utah,151,87,48.333333333333336,0.16666666666666666,6.166666666666667,High Risk
Wisconsin,Door,159,87,38.166666666666664,0.16666666666666666,3.6666666666666665,High Risk
Wisconsin,Kenosha,206,87,43.833333333333336,1.0,10.166666666666666,High Risk
Wisconsin,Kewaunee,182,87,39.333333333333336,0.5,2.0,High Risk
California,Yolo,209,86,44.0,2.5,3.8333333333333335,High Risk
Texas,Montgomery,166,86,50.833333333333336,0.3333333333333333,8.666666666666666,High Risk
Oregon,Harney,357,85,41.0,4.5,2.6666666666666665,High Risk
Pennsylvania,Lancaster,321,85,53.333333333333336,1.0,5.166666666666667,High Risk
Missouri,St. Louis City,738,84,54.5,0.8333333333333334,6.333333333333333,High Risk
Pennsylvania,Philadelphia,331,84,52.166666666666664,0.8333333333333334,7.0,High Risk
Oregon,Josephine,872,83,35.666666666666664,6.666666666666667,6.833333333333333,High Risk
Washington,Asotin,328,83,43.0,2.5,4.333333333333333,High Risk
Wyoming,Sweetwater,1334,83,45.333333333333336,1.0,6.5,High Risk
New Mexico,Luna,806,82,17.833333333333332,1.8333333333333333,3.5,High Risk
Arizona,Cochise,328,80,45.333333333333336,0.3333333333333333,3.5,High Risk
California,Mendocino,716,79,47.2,2.4,4.6,High Risk
Montana,Lincoln,403,79,50.666666666666664,2.3333333333333335,3.5,High Risk
Oregon,Deschutes,1099,78,26.666666666666668,4.666666666666667,6.333333333333333,High Risk
Washington,Snohomish,362,78,38.5,1.6666666666666667,3.5,High Risk
Idaho,Bannock,557,77,38.833333333333336,0.8333333333333334,2.6666666666666665,High Risk
Idaho,Nez Perce,475,77,31.666666666666668,1.3333333333333333,5.0,High Risk
Oklahoma,Comanche,339,77,45.333333333333336,0.0,3.0,High Risk
Oklahoma,Oklahoma,459,77,52.833333333333336,0.0,6.333333333333333,High Risk
Oklahoma,Tulsa,508,77,51.5,1.0,7.333333333333333,High Risk
Idaho,Shoshone,440,75,43.666666666666664,2.5,3.0,High Risk
Arizona,Yuma,519,74,48.166666666666664,1.0,5.166666666666667,High Risk
Idaho,Benewah,492,74,45.0,2.5,3.8333333333333335,High Risk
Nevada,Lyon,328,74,40.833333333333336,0.5,2.1666666666666665,High Risk
North Dakota,Oliver,323,74,39.5,3.0,5.333333333333333,High Risk
Oregon,Grant,393,74,44.666666666666664,3.8333333333333335,2.3333333333333335,High Risk
Washington,Chelan,817,74,30.333333333333332,4.166666666666667,2.6666666666666665,High Risk
Washington,Kittitas,724,74,25.666666666666668,1.3333333333333333,1.5,High Risk
Washington,Stevens,957,74,39.333333333333336,2.1666666666666665,3.1666666666666665,High Risk
North Dakota,Mercer,322,73,37.833333333333336,2.3333333333333335,4.166666666666667,High Risk
Arizona,Santa Cruz,494,72,44.0,0.5,2.6666666666666665,High Risk
Kansas,Neosho,315,71,47.333333333333336,0.5,1.3333333333333333,High Risk
Kansas,Trego,318,71,42.5,0.3333333333333333,2.6666666666666665,High Risk
Oregon,Marion,1272,70,35.833333333333336,0.3333333333333333,2.3333333333333335,High Risk
North Dakota,Dunn,318,69,38.0,2.1666666666666665,4.833333333333333,High Risk
California,Santa Cruz,624,68,37.166666666666664,1.6666666666666667,1.1666666666666667,High Risk
Kansas,Sumner,370,68,47.166666666666664,0.3333333333333333,2.8333333333333335,High Risk
Pennsylvania,Northampton,368,68,42.5,0.6666666666666666,1.8333333333333333,High Risk
Oregon,Linn,853,67,31.0,0.0,1.1666666666666667,High Risk
Oregon,Washington,595,67,35.333333333333336,0.3333333333333333,1.1666666666666667,High Risk
Pennsylvania,Lehigh,337,67,42.333333333333336,0.8333333333333334,0.8333333333333334,High Risk
Washington,Spokane,785,67,40.166666666666664,1.8333333333333333,1.3333333333333333,High Risk
Oregon,Umatilla,738,66,39.0,0.6666666666666666,2.1666666666666665,High Risk
Washington,Clark,874,66,33.166666666666664,0.8333333333333334,0.6666666666666666,High Risk
Oregon,Crook,1033,65,26.833333333333332,2.1666666666666665,3.1666666666666665,High Risk
Oregon,Jefferson,1135,64,26.833333333333332,0.5,2.0,High Risk
Oregon,Multnomah,779,63,36.5,0.3333333333333333,1.0,High Risk
Washington,Benton,954,63,36.5,1.3333333333333333,2.5,High Risk
Idaho,Kootenai,518,62,27.666666666666668,1.8333333333333333,1.8333333333333333,High Risk
Oregon,Douglas,902,62,37.0,1.0,1.3333333333333333,High Risk
Puerto Rico,Mayagnez,396,62,24.333333333333332,0.3333333333333333,1.5,High Risk
Oregon,Clackamas,481,61,31.333333333333332,0.8333333333333334,2.6666666666666665,High Risk
Oregon,Union,326,61,25.5,1.0,2.0,High Risk
Puerto Rico,Ponce,380,61,18.166666666666668,0.16666666666666666,0.0,High Risk
Massachusetts,Essex,1513,60,40.333333333333336,0.3333333333333333,1.8333333333333333,High Risk
Michigan,Monroe,607,59,21.0,0.0,0.2,High Risk
Washington,Grant,316,59,26.666666666666668,1.8333333333333333,1.0,High Risk
Washington,Walla Walla,855,59,25.333333333333332,0.8333333333333334,1.0,High Risk
Wyoming,Platte,927,59,16.5,2.1666666666666665,3.3333333333333335,High Risk
Idaho,Latah,415,58,21.166666666666668,1.8333333333333333,1.3333333333333333,High Risk
Kansas,Sherman,494,58,19.833333333333332,0.0,1.0,High Risk
Washington,Clallam,368,58,35.166666666666664,0.16666666666666666,0.6666666666666666,High Risk
Washington,Mason,397,58,22.333333333333332,0.3333333333333333,1.0,High Risk
Washington,Whitman,326,58,21.833333333333332,2.1666666666666665,1.0,High Risk
Oregon,Benton,541,56,22.0,0.3333333333333333,0.0,High Risk
Oregon,Wasco,599,55,22.5,0.5,0.5,High Risk
Washington,Klickitat,1358,53,18.666666666666668,0.3333333333333333,0.16666666666666666,High Risk
Colorado,Prowers,652,52,20.333333333333332,0.5,0.5,High Risk
Arizona,Mohave,331,44,18.0,0.3333333333333333,0.3333333333333333,High Risk
Indiana,Lake,219,85,53.0,1.0,7.833333333333333,Lower Risk
Oregon,Lake,188,85,27.0,2.0,7.333333333333333,Lower Risk
California,Glenn,221,84,41.666666666666664,4.166666666666667,2.8333333333333335,Lower Risk
Colorado,Gilpin,151,84,46.5,0.16666666666666666,8.0,Lower Risk
Colorado,Park,190,84,49.2,0.6,8.0,Lower Risk
Connecticut,Fairfield,242,84,45.0,3.3333333333333335,13.833333333333334,Lower Risk
Illinois,Lake,185,84,40.333333333333336,0.5,7.0,Lower Risk
Louisiana,Iberville,159,84,40.833333333333336,0.5,5.5,Lower Risk
Missouri,Clinton,133,84,40.666666666666664,0.0,2.1666666666666665,Lower Risk
Montana,Sanders,261,84,30.333333333333332,3.3333333333333335,2.3333333333333335,Lower Risk
Nevada,Carson City,304,84,44.166666666666664,3.3333333333333335,4.666666666666667,Lower Risk
North Dakota,Cass,211,84,41.0,3.0,4.0,Lower Risk
Oklahoma,Johnston,161,84,42.666666666666664,0.3333333333333333,2.3333333333333335,Lower Risk
Pennsylvania,Allegheny,237,84,54.0,0.5,8.666666666666666,Lower Risk
Texas,Dallas,304,84,51.333333333333336,0.8333333333333334,13.0,Lower Risk
Wisconsin,Marathon,166,84,36.0,0.3333333333333333,1.6666666666666667,Lower Risk
Wisconsin,Ozaukee,210,84,40.166666666666664,1.0,6.666666666666667,Lower Risk
Wyoming,Albany,312,84,48.666666666666664,0.8333333333333334,6.833333333333333,Lower Risk
Minnesota,Anoka,175,83,40.666666666666664,0.8333333333333334,3.5,Lower Risk
Minnesota,Stearns,252,83,39.666666666666664,0.8333333333333334,2.5,Lower Risk
Ohio,Cuyahoga,234,83,54.833333333333336,1.0,6.333333333333333,Lower Risk
Texas,Webb,163,83,46.166666666666664,0.16666666666666666,4.333333333333333,Lower Risk
Utah,Weber,141,83,46.333333333333336,0.0,7.0,Lower Risk
Illinois,McHenry,230,82,46.333333333333336,0.8333333333333334,7.0,Lower Risk
Utah,Cache,187,82,46.166666666666664,1.5,4.333333333333333,Lower Risk
Wisconsin,Milwaukee,250,82,47.166666666666664,0.5,7.166666666666667,Lower Risk
California,Alameda,243,81,50.2,2.4,7.2,Lower Risk
California,Santa Clara,198,81,48.8,1.8,5.6,Lower Risk
Illinois,Madison,260,81,52.833333333333336,0.6666666666666666,6.5,Lower Risk
Kentucky,Jefferson,171,81,52.0,0.3333333333333333,7.833333333333333,Lower Risk
North Dakota,Burke,287,81,39.166666666666664,3.1666666666666665,5.166666666666667,Lower Risk
North Dakota,Burleigh,272,81,39.333333333333336,2.6666666666666665,7.166666666666667,Lower Risk
Texas,Nueces,162,81,49.0,0.5,4.833333333333333,Lower Risk
Arizona,Coconino,203,80,45.666666666666664,0.3333333333333333,1.5,Lower Risk
Arizona,Yavapai,119,80,44.666666666666664,0.0,0.5,Lower Risk
Connecticut,Middlesex,177,80,40.5,0.5,4.666666666666667,Lower Risk
Iowa,Clinton,235,80,49.5,0.6666666666666666,3.1666666666666665,Lower Risk
Iowa,Linn,207,80,48.166666666666664,0.6666666666666666,3.8333333333333335,Lower Risk
Iowa,Palo Alto,167,80,42.5,1.0,4.166666666666667,Lower Risk
Michigan,Allegan,195,80,41.666666666666664,0.6666666666666666,7.333333333333333,Lower Risk
Michigan,Berrien,156,80,40.166666666666664,0.16666666666666666,4.833333333333333,Lower Risk
Michigan,Kent,220,80,46.833333333333336,0.5,4.666666666666667,Lower Risk
Minnesota,Hennepin,187,80,44.666666666666664,1.5,3.0,Lower Risk
Missouri,Clay,153,80,41.166666666666664,0.16666666666666666,5.0,Lower Risk
Missouri,Lincoln,143,80,40.833333333333336,0.0,3.1666666666666665,Lower Risk
Montana,Powder River,195,80,41.5,3.0,5.75,Lower Risk
Montana,Silver Bow,181,80,28.5,2.1666666666666665,5.5,Lower Risk
Nebraska,Knox,151,80,37.5,0.16666666666666666,3.8333333333333335,Lower Risk
North Dakota,Ward,283,80,37.666666666666664,2.6666666666666665,6.166666666666667,Lower Risk
Ohio,Butler,197,80,52.166666666666664,0.8333333333333334,5.166666666666667,Lower Risk
Oklahoma,Nowata,140,80,55.0,0.0,5.5,Lower Risk
South Dakota,Clay,173,80,39.25,0.75,4.25,Lower Risk
Texas,Collin,161,80,39.0,1.3333333333333333,8.166666666666666,Lower Risk
Texas,Culberson,126,80,33.333333333333336,0.0,2.5,Lower Risk
Texas,Travis,154,80,52.0,0.16666666666666666,4.833333333333333,Lower Risk
Utah,Box Elder,147,80,41.666666666666664,0.0,2.1666666666666665,Lower Risk
Wisconsin,Dane,268,80,44.833333333333336,0.16666666666666666,4.0,Lower Risk
Wisconsin,La Crosse,181,80,41.333333333333336,0.8333333333333334,1.0,Lower Risk
Wisconsin,Waukesha,270,80,46.333333333333336,0.16666666666666666,5.5,Lower Risk
Arkansas,Pulaski,239,79,53.333333333333336,0.3333333333333333,3.0,Lower Risk
California,Calaveras,210,79,43.333333333333336,2.5,4.333333333333333,Lower Risk
Ohio,Lucas,190,79,47.0,0.5,7.166666666666667,Lower Risk
Pennsylvania,Dauphin,255,79,48.333333333333336,0.5,2.8333333333333335,Lower Risk
Illinois,Will,246,78,48.833333333333336,0.8333333333333334,4.166666666666667,Lower Risk
Kansas,Wyandotte,240,78,49.666666666666664,0.3333333333333333,5.666666666666667,Lower Risk
Minnesota,Lyon,187,78,39.166666666666664,1.1666666666666667,2.6666666666666665,Lower Risk
Montana,Gallatin,162,78,26.666666666666668,0.5,4.5,Lower Risk
Ohio,Stark,283,78,50.0,0.16666666666666666,3.0,Lower Risk
Pennsylvania,Beaver,235,78,49.333333333333336,0.0,2.5,Lower Risk
Wisconsin,Eau Claire,164,78,41.5,1.1666666666666667,3.3333333333333335,Lower Risk
Wisconsin,Outagamie,186,78,41.666666666666664,1.0,2.3333333333333335,Lower Risk
Arizona,La Paz,253,77,45.5,0.16666666666666666,1.6666666666666667,Lower Risk
California,Solano,228,77,41.333333333333336,1.0,2.1666666666666665,Lower Risk
Colorado,La Plata,240,77,46.666666666666664,0.3333333333333333,2.0,Lower Risk
Colorado,Mesa,139,77,45.833333333333336,0.0,2.1666666666666665,Lower Risk
Colorado,Rio Blanco,166,77,46.6,0.4,3.4,Lower Risk
Connecticut,New Haven,208,77,44.666666666666664,1.3333333333333333,9.0,Lower Risk
Idaho,Idaho,263,77,41.333333333333336,3.0,3.5,Lower Risk
Illinois,Adams,136,77,40.0,0.0,2.0,Lower Risk
Illinois,DuPage,234,77,47.833333333333336,1.0,3.6666666666666665,Lower Risk
Illinois,Jersey,166,77,44.666666666666664,0.3333333333333333,4.666666666666667,Lower Risk
Illinois,Peoria,154,77,46.833333333333336,0.5,4.166666666666667,Lower Risk
Illinois,Rock Island,232,77,45.833333333333336,0.8333333333333334,3.3333333333333335,Lower Risk
Illinois,Saint Clair,185,77,48.5,0.6666666666666666,3.3333333333333335,Lower Risk
Illinois,Winnebago,242,77,45.833333333333336,0.3333333333333333,4.333333333333333,Lower Risk
Indiana,Porter,202,77,45.333333333333336,0.5,8.333333333333334,Lower Risk
Iowa,Scott,219,77,49.666666666666664,0.8333333333333334,3.8333333333333335,Lower Risk
Kentucky,Daviess,170,77,44.5,0.16666666666666666,1.5,Lower Risk
Maryland,Frederick,136,77,41.666666666666664,0.0,1.3333333333333333,Lower Risk
Michigan,Kalamazoo,225,77,46.5,0.3333333333333333,3.1666666666666665,Lower Risk
Minnesota,Crow Wing,246,77,37.166666666666664,0.5,2.0,Lower Risk
Minnesota,Washington,140,77,36.333333333333336,0.0,1.5,Lower Risk
Missouri,Andrew,122,77,41.333333333333336,0.0,1.1666666666666667,Lower Risk
Montana,Fergus,185,77,40.833333333333336,1.0,4.0,Lower Risk
Montana,Lewis and Clark,168,77,44.5,2.1666666666666665,4.5,Lower Risk
Ohio,Franklin,210,77,51.0,0.6666666666666666,3.1666666666666665,Lower Risk
Ohio,Hamilton,193,77,54.166666666666664,0.6666666666666666,9.166666666666666,Lower Risk
Ohio,Lake,170,77,41.333333333333336,0.5,5.5,Lower Risk
Oklahoma,Canadian,133,77,41.5,0.0,3.6666666666666665,Lower Risk
Oklahoma,Love,169,77,44.0,0.3333333333333333,7.333333333333333,Lower Risk
Pennsylvania,Adams,241,77,45.333333333333336,0.5,2.1666666666666665,Lower Risk
South Dakota,Codington,271,77,39.5,0.6666666666666666,3.1666666666666665,Lower Risk
Texas,Jefferson,154,77,49.5,0.16666666666666666,4.333333333333333,Lower Risk
Texas,Navarro,129,77,44.833333333333336,0.0,2.0,Lower Risk
Texas,Randall,122,77,42.833333333333336,0.0,1.6666666666666667,Lower Risk
Utah,Tooele,162,77,44.333333333333336,0.5,6.166666666666667,Lower Risk
Washington,King,299,77,43.666666666666664,1.6666666666666667,4.666666666666667,Lower Risk
Wisconsin,Dodge,210,77,42.166666666666664,0.3333333333333333,2.8333333333333335,Lower Risk
Wisconsin,Sauk,271,77,40.166666666666664,0.6666666666666666,3.0,Lower Risk
Wyoming,Fremont,161,77,47.166666666666664,0.16666666666666666,3.5,Lower Risk
Wyoming,Laramie,159,77,43.666666666666664,0.6666666666666666,3.6666666666666665,Lower Risk
Wyoming,Sublette,151,77,46.0,0.16666666666666666,4.333333333333333,Lower Risk
Idaho,Canyon,183,76,39.5,2.8333333333333335,5.166666666666667,Lower Risk
Illinois,Macon,287,76,46.833333333333336,0.16666666666666666,3.8333333333333335,Lower Risk
Michigan,Washtenaw,218,76,45.166666666666664,0.6666666666666666,3.3333333333333335,Lower Risk
Minnesota,Olmsted,167,76,41.166666666666664,0.3333333333333333,3.0,Lower Risk
Mississippi,DeSoto,143,76,47.166666666666664,0.0,3.1666666666666665,Lower Risk
Montana,Ravalli,263,76,22.5,4.0,5.666666666666667,Lower Risk
Ohio,Trumbull,220,76,44.333333333333336,0.5,2.8333333333333335,Lower Risk
California,Contra Costa,221,75,49.2,2.0,3.2,Lower Risk
Michigan,Macomb,195,75,44.166666666666664,0.8333333333333334,5.5,Lower Risk
Texas,McLennan,142,75,47.166666666666664,0.0,2.6666666666666665,Lower Risk
Wisconsin,Vilas,168,75,36.166666666666664,0.3333333333333333,2.3333333333333335,Lower Risk
California,Amador,156,74,37.666666666666664,0.16666666666666666,2.1666666666666665,Lower Risk
Colorado,Pueblo,143,74,33.5,0.0,2.3333333333333335,Lower Risk
Georgia,Gwinnett,161,74,47.333333333333336,0.16666666666666666,1.6666666666666667,Lower Risk
Illinois,Effingham,140,74,38.666666666666664,0.0,1.8333333333333333,Lower Risk
Illinois,McLean,289,74,46.833333333333336,0.5,3.3333333333333335,Lower Risk
Illinois,Sangamon,247,74,44.333333333333336,0.3333333333333333,4.166666666666667,Lower Risk
Indiana,LaPorte,154,74,39.166666666666664,0.3333333333333333,6.5,Lower Risk
Indiana,St. Joseph,223,74,48.5,0.5,5.0,Lower Risk
Iowa,Bremer,151,74,38.666666666666664,0.16666666666666666,1.6666666666666667,Lower Risk
Louisiana,Calcasieu,156,74,50.333333333333336,0.16666666666666666,2.0,Lower Risk
Maryland,Carroll,143,74,41.0,0.0,1.0,Lower Risk
Maryland,Harford,200,74,43.333333333333336,0.6666666666666666,4.166666666666667,Lower Risk
Michigan,Genesee,178,74,41.333333333333336,0.5,3.0,Lower Risk
Michigan,Oakland,169,74,40.333333333333336,0.3333333333333333,3.6666666666666665,Lower Risk
Michigan,Ottawa,227,74,43.666666666666664,0.6666666666666666,3.6666666666666665,Lower Risk
Minnesota,Saint Louis,286,74,39.0,0.5,3.1666666666666665,Lower Risk
Mississippi,Hinds,115,74,51.833333333333336,0.0,1.0,Lower Risk
Missouri,Perry,150,74,40.5,0.0,2.1666666666666665,Lower Risk
Missouri,Saint Louis,166,74,43.0,0.5,4.5,Lower Risk
Missouri,Sainte Genevieve,147,74,40.833333333333336,0.0,2.0,Lower Risk
Montana,Rosebud,155,74,14.666666666666666,0.6666666666666666,2.6666666666666665,Lower Risk
Nevada,Churchill,159,74,42.166666666666664,0.16666666666666666,2.0,Lower Risk
New Mexico,Lea,193,74,44.0,1.0,3.6666666666666665,Lower Risk
New Mexico,Rio Arriba,143,74,43.5,0.0,0.8333333333333334,Lower Risk
New Mexico,Sandoval,122,74,44.333333333333336,0.0,1.8333333333333333,Lower Risk
Ohio,Jefferson,229,74,49.0,0.16666666666666666,1.0,Lower Risk
Ohio,Summit,230,74,45.0,0.3333333333333333,3.0,Lower Risk
Oklahoma,Cleveland,143,74,50.833333333333336,0.0,4.166666666666667,Lower Risk
Oklahoma,Dewey,164,74,46.0,0.16666666666666666,1.6666666666666667,Lower Risk
Oklahoma,Jefferson,133,74,44.0,0.0,4.0,Lower Risk
Oklahoma,Kiowa,115,74,43.666666666666664,0.0,0.6666666666666666,Lower Risk
Oklahoma,Osage,172,74,41.5,0.3333333333333333,3.0,Lower Risk
Oklahoma,Washington,168,74,46.25,0.5,4.0,Lower Risk
Pennsylvania,Delaware,271,74,48.166666666666664,0.5,2.5,Lower Risk
Pennsylvania,Lebanon,265,74,45.0,0.5,2.3333333333333335,Lower Risk
Tennessee,Shelby,159,74,49.666666666666664,1.0,4.5,Lower Risk
Texas,Bell,140,74,45.166666666666664,0.0,3.6666666666666665,Lower Risk
Texas,Galveston,179,74,46.0,1.1666666666666667,6.833333333333333,Lower Risk
Texas,Hood,154,74,37.0,0.16666666666666666,4.833333333333333,Lower Risk
Texas,Johnson,156,74,37.166666666666664,0.16666666666666666,6.666666666666667,Lower Risk
Texas,Kleberg,174,74,46.166666666666664,0.3333333333333333,2.3333333333333335,Lower Risk
Utah,Carbon,155,74,43.833333333333336,0.3333333333333333,2.1666666666666665,Lower Risk
Utah,Wasatch,108,74,42.5,0.0,1.0,Lower Risk
West Virginia,Marshall,213,74,46.333333333333336,0.16666666666666666,0.3333333333333333,Lower Risk
Wisconsin,Brown,179,74,40.0,1.0,2.5,Lower Risk
Delaware,New Castle,282,73,47.0,0.3333333333333333,3.0,Lower Risk
Iowa,Polk,199,73,45.166666666666664,0.8333333333333334,2.5,Lower Risk
Michigan,Ingham,194,73,40.833333333333336,0.8333333333333334,1.6666666666666667,Lower Risk
Minnesota,Becker,208,73,40.0,1.1666666666666667,2.6666666666666665,Lower Risk
Minnesota,Beltrami,283,73,30.333333333333332,0.6666666666666666,2.8333333333333335,Lower Risk
Minnesota,Dakota,185,73,34.833333333333336,1.0,1.5,Lower Risk
Ohio,Mahoning,226,73,45.5,0.3333333333333333,1.6666666666666667,Lower Risk
South Dakota,Brookings,236,73,40.0,0.6666666666666666,2.5,Lower Risk
South Dakota,Pennington,202,73,37.666666666666664,0.8333333333333334,2.8333333333333335,Lower Risk
District Of Columbia,District of Columbia,196,72,47.333333333333336,0.8333333333333334,4.166666666666667,Lower Risk
Idaho,Valley,211,72,37.166666666666664,1.0,4.333333333333333,Lower Risk
Indiana,Clark,182,72,49.666666666666664,0.16666666666666666,3.0,Lower Risk
Michigan,Missaukee,201,72,41.833333333333336,0.16666666666666666,1.0,Lower Risk
Missouri,Jefferson,185,72,42.5,0.5,4.0,Lower Risk
New York,Queens,278,72,46.0,1.0,4.666666666666667,Lower Risk
North Dakota,McKenzie,298,72,37.333333333333336,1.6666666666666667,4.333333333333333,Lower Risk
Ohio,Medina,285,72,42.0,0.3333333333333333,1.8333333333333333,Lower Risk
Ohio,Warren,183,72,43.833333333333336,0.3333333333333333,4.5,Lower Risk
Oklahoma,Kay,193,72,45.833333333333336,0.3333333333333333,2.8333333333333335,Lower Risk
Pennsylvania,Berks,287,72,45.166666666666664,0.5,3.1666666666666665,Lower Risk
Pennsylvania,Washington,212,72,47.333333333333336,0.16666666666666666,1.5,Lower Risk
Pennsylvania,York,256,72,46.833333333333336,0.5,1.5,Lower Risk
Texas,Atascosa,158,72,42.666666666666664,0.16666666666666666,1.6666666666666667,Lower Risk
Texas,Maverick,164,72,36.833333333333336,0.16666666666666666,0.3333333333333333,Lower Risk
Wyoming,Teton,165,72,43.666666666666664,0.8333333333333334,3.1666666666666665,Lower Risk
Colorado,Grand,119,71,45.6,0.0,0.6,Lower Risk
Colorado,Gunnison,115,71,46.333333333333336,0.0,1.1666666666666667,Lower Risk
Georgia,Bibb,157,71,48.5,0.16666666666666666,1.3333333333333333,Lower Risk
Georgia,Clarke,147,71,47.0,0.0,1.0,Lower Risk
Georgia,Dougherty,151,71,48.666666666666664,0.16666666666666666,3.3333333333333335,Lower Risk
Georgia,Fulton,172,71,51.5,0.5,4.333333333333333,Lower Risk
Georgia,Muscogee,166,71,46.166666666666664,0.6666666666666666,2.6666666666666665,Lower Risk
Georgia,Washington,161,71,48.166666666666664,0.16666666666666666,1.8333333333333333,Lower Risk
Indiana,Madison,229,71,44.833333333333336,0.16666666666666666,2.6666666666666665,Lower Risk
Kansas,Sedgwick,192,71,45.833333333333336,0.5,3.0,Lower Risk
Kansas,Shawnee,238,71,45.666666666666664,0.8333333333333334,2.1666666666666665,Lower Risk
Kentucky,Bullitt,143,71,40.0,0.0,1.6666666666666667,Lower Risk
Maryland,Baltimore,205,71,44.833333333333336,0.5,5.0,Lower Risk
Maryland,Baltimore (City),192,71,42.5,0.5,2.3333333333333335,Lower Risk
Michigan,Benzie,164,71,36.5,0.5,1.1666666666666667,Lower Risk
Michigan,Cass,126,71,40.166666666666664,0.0,3.3333333333333335,Lower Risk
Michigan,St. Clair,197,71,43.166666666666664,0.6666666666666666,4.666666666666667,Lower Risk
Minnesota,Goodhue,133,71,39.0,0.0,0.8333333333333334,Lower Risk
Minnesota,Ramsey,190,71,38.5,0.8333333333333334,1.8333333333333333,Lower Risk
Mississippi,Bolivar,126,71,45.666666666666664,0.0,0.6666666666666666,Lower Risk
Montana,Richland,219,71,38.0,0.8333333333333334,2.6666666666666665,Lower Risk
Nevada,Elko,169,71,30.5,0.8333333333333334,2.3333333333333335,Lower Risk
Nevada,White Pine,136,71,44.5,0.0,1.3333333333333333,Lower Risk
New Jersey,Mercer,244,71,45.166666666666664,0.6666666666666666,4.833333333333333,Lower Risk
New Mexico,Santa Fe,113,71,44.5,0.0,1.0,Lower Risk
North Carolina,Forsyth,154,71,47.666666666666664,0.16666666666666666,2.3333333333333335,Lower Risk
North Carolina,Haywood,112,71,43.333333333333336,0.0,1.1666666666666667,Lower Risk
North Carolina,Mecklenburg,156,71,49.666666666666664,0.16666666666666666,2.5,Lower Risk
Ohio,Clark,196,71,47.166666666666664,0.5,2.0,Lower Risk
Ohio,Geauga,129,71,41.0,0.0,0.8333333333333334,Lower Risk
Ohio,Madison,112,71,41.333333333333336,0.0,1.1666666666666667,Lower Risk
Ohio,Montgomery,196,71,49.5,0.5,3.8333333333333335,Lower Risk
Ohio,Portage,159,71,41.666666666666664,0.3333333333333333,1.8333333333333333,Lower Risk
Oklahoma,Creek,179,71,41.0,0.16666666666666666,1.5,Lower Risk
Pennsylvania,Armstrong,210,71,44.333333333333336,0.16666666666666666,1.8333333333333333,Lower Risk
Pennsylvania,Bucks,200,71,36.833333333333336,0.16666666666666666,5.333333333333333,Lower Risk
South Carolina,Spartanburg,136,71,47.833333333333336,0.0,2.0,Lower Risk
South Dakota,Meade,154,71,40.833333333333336,0.16666666666666666,2.3333333333333335,Lower Risk
Tennessee,Hamilton,151,71,48.166666666666664,0.16666666666666666,1.6666666666666667,Lower Risk
Texas,Kaufman,159,71,43.833333333333336,0.16666666666666666,3.6666666666666665,Lower Risk
Wisconsin,Manitowoc,182,71,38.166666666666664,0.5,3.1666666666666665,Lower Risk
Wyoming,Natrona,136,71,42.5,0.0,2.8333333333333335,Lower Risk
Alabama,Montgomery,116,70,46.833333333333336,0.0,0.5,Lower Risk
Georgia,DeKalb,147,70,49.333333333333336,0.0,3.0,Lower Risk
Georgia,Richmond,145,70,50.333333333333336,0.0,1.6666666666666667,Lower Risk
Georgia,Walker,181,70,49.666666666666664,0.3333333333333333,1.0,Lower Risk
Illinois,Champaign,277,70,44.666666666666664,0.16666666666666666,2.8333333333333335,Lower Risk
Indiana,Vanderburgh,179,70,47.833333333333336,0.16666666666666666,2.0,Lower Risk
Iowa,Montgomery,147,70,41.833333333333336,0.0,1.5,Lower Risk
Kansas,Johnson,188,70,44.5,0.6666666666666666,2.1666666666666665,Lower Risk
Louisiana,Livingston,133,70,48.166666666666664,0.0,1.6666666666666667,Lower Risk
Michigan,Lenawee,165,70,44.166666666666664,0.3333333333333333,2.3333333333333335,Lower Risk
Montana,Yellowstone,191,70,35.0,0.6666666666666666,2.6666666666666665,Lower Risk
New York,Erie,176,70,44.333333333333336,0.8333333333333334,3.0,Lower Risk
South Carolina,Greenville,126,70,49.0,0.0,0.6666666666666666,Lower Risk
Tennessee,Davidson,143,70,51.0,0.0,3.1666666666666665,Lower Risk
Washington,Pierce,256,70,43.0,1.5,2.1666666666666665,Lower Risk
Wisconsin,Taylor,169,70,38.0,1.1666666666666667,1.5,Lower Risk
Wyoming,Converse,185,70,41.333333333333336,0.3333333333333333,3.1666666666666665,Lower Risk
Florida,Hillsborough,143,69,51.0,0.0,2.3333333333333335,Lower Risk
Indiana,Allen,129,69,42.0,0.0,2.0,Lower Risk
Indiana,Elkhart,193,69,43.833333333333336,0.6666666666666666,2.1666666666666665,Lower Risk
Indiana,Hamilton,190,69,44.666666666666664,0.3333333333333333,2.3333333333333335,Lower Risk
Indiana,Vigo,232,69,47.833333333333336,0.16666666666666666,1.8333333333333333,Lower Risk
Louisiana,East Baton Rouge,159,69,49.0,0.3333333333333333,3.8333333333333335,Lower Risk
Louisiana,Jefferson,188,69,45.166666666666664,0.16666666666666666,1.1666666666666667,Lower Risk
Louisiana,Lafourche,115,69,47.166666666666664,0.0,0.6666666666666666,Lower Risk
Michigan,Manistee,161,69,34.833333333333336,0.5,2.1666666666666665,Lower Risk
Minnesota,Cass,275,69,31.5,0.8333333333333334,2.0,Lower Risk
New Jersey,Bergen,197,69,42.666666666666664,0.8333333333333334,4.5,Lower Risk
New Jersey,Camden,211,69,46.833333333333336,0.5,2.3333333333333335,Lower Risk
New Jersey,Gloucester,185,69,41.166666666666664,0.5,3.5,Lower Risk
New Jersey,Union,227,69,48.166666666666664,0.5,0.5,Lower Risk
New York,Bronx,253,69,45.333333333333336,0.6666666666666666,4.0,Lower Risk
North Carolina,Durham,181,69,48.833333333333336,0.5,0.6666666666666666,Lower Risk
Ohio,Preble,204,69,44.666666666666664,0.3333333333333333,1.8333333333333333,Lower Risk
Oklahoma,Pittsburg,141,69,47.833333333333336,0.0,3.5,Lower Risk
Tennessee,Knox,156,69,48.5,0.16666666666666666,1.6666666666666667,Lower Risk
Texas,Brewster,164,69,42.5,0.16666666666666666,0.6666666666666666,Lower Risk
Virginia,Fairfax,222,69,45.0,0.3333333333333333,2.5,Lower Risk
Wisconsin,Forest,178,69,38.5,1.0,2.3333333333333335,Lower Risk
California,San Benito,174,68,41.333333333333336,1.5,1.6666666666666667,Lower Risk
California,Santa Barbara,186,68,48.0,0.8333333333333334,2.0,Lower Risk
Connecticut,Hartford,185,68,42.0,0.8333333333333334,3.3333333333333335,Lower Risk
Delaware,Sussex,203,68,42.5,0.3333333333333333,0.6666666666666666,Lower Risk
Georgia,Hall,137,68,47.666666666666664,0.0,0.5,Lower Risk
Illinois,Randolph,161,68,44.0,0.5,2.6666666666666665,Lower Risk
Iowa,Black Hawk,187,68,46.833333333333336,0.6666666666666666,0.8333333333333334,Lower Risk
Iowa,Johnson,210,68,45.166666666666664,0.6666666666666666,1.5,Lower Risk
Iowa,Webster,165,68,48.0,2.0,2.0,Lower Risk
Kentucky,Bell,131,68,45.0,0.0,1.0,Lower Risk
Mississippi,Forrest,105,68,49.333333333333336,0.0,0.3333333333333333,Lower Risk
Mississippi,Harrison,157,68,46.666666666666664,0.16666666666666666,1.1666666666666667,Lower Risk
Missouri,Greene,160,68,44.166666666666664,0.16666666666666666,1.3333333333333333,Lower Risk
Missouri,Jackson,293,68,49.5,0.3333333333333333,1.5,Lower Risk
Missouri,Jasper,162,68,39.833333333333336,0.16666666666666666,1.0,Lower Risk
Montana,Flathead,206,68,40.333333333333336,1.3333333333333333,3.1666666666666665,Lower Risk
Montana,Phillips,199,68,30.833333333333332,1.3333333333333333,2.3333333333333335,Lower Risk
Pennsylvania,Centre,199,68,42.666666666666664,0.8333333333333334,0.8333333333333334,Lower Risk
Pennsylvania,Cumberland,224,68,42.0,0.3333333333333333,1.1666666666666667,Lower Risk
Wisconsin,Grant,221,68,41.0,0.3333333333333333,0.8333333333333334,Lower Risk
California,San Francisco,223,67,36.4,0.8,0.8,Lower Risk
California,Tuolumne,143,67,40.666666666666664,0.0,2.3333333333333335,Lower Risk
Colorado,Montezuma,126,67,44.5,0.0,1.0,Lower Risk
Colorado,San Miguel,136,67,38.0,0.0,0.5,Lower Risk
Florida,Duval,136,67,51.833333333333336,0.0,1.5,Lower Risk
Florida,Escambia,133,67,47.833333333333336,0.0,0.5,Lower Risk
Idaho,Bonneville,155,67,25.333333333333332,0.6666666666666666,1.8333333333333333,Lower Risk
Idaho,Butte,152,67,42.333333333333336,0.16666666666666666,0.6666666666666666,Lower Risk
Illinois,Hamilton,157,67,45.333333333333336,0.16666666666666666,2.3333333333333335,Lower Risk
Indiana,Floyd,177,67,39.0,0.3333333333333333,2.0,Lower Risk
Indiana,Howard,199,67,44.166666666666664,0.3333333333333333,3.3333333333333335,Lower Risk
Kentucky,Boone,156,67,40.166666666666664,0.16666666666666666,1.1666666666666667,Lower Risk
Kentucky,Christian,117,67,44.666666666666664,0.0,0.8333333333333334,Lower Risk
Kentucky,Livingston,126,67,40.166666666666664,0.0,1.3333333333333333,Lower Risk
Louisiana,Bossier,114,67,47.166666666666664,0.0,1.0,Lower Risk
Louisiana,St. Bernard,138,67,46.666666666666664,0.0,0.8333333333333334,Lower Risk
Louisiana,West Baton Rouge,150,67,47.833333333333336,0.0,3.6666666666666665,Lower Risk
Maryland,Anne Arundel,150,67,39.166666666666664,0.0,1.3333333333333333,Lower Risk
Maryland,Prince George's,192,67,40.5,0.5,3.5,Lower Risk
Michigan,Mason,161,67,37.333333333333336,0.3333333333333333,1.1666666666666667,Lower Risk
Mississippi,Hancock,112,67,45.166666666666664,0.0,0.16666666666666666,Lower Risk
Mississippi,Jackson,108,67,46.0,0.0,0.5,Lower Risk
Missouri,Boone,143,67,38.333333333333336,0.0,0.8333333333333334,Lower Risk
Missouri,Cedar,122,67,41.0,0.0,0.6666666666666666,Lower Risk
Nebraska,Sioux,143,67,44.0,0.0,8.0,Lower Risk
New Jersey,Middlesex,247,67,40.5,0.6666666666666666,3.1666666666666665,Lower Risk
New Mexico,Valencia,136,67,43.5,0.0,1.0,Lower Risk
New York,New York,208,67,43.333333333333336,0.6666666666666666,3.6666666666666665,Lower Risk
North Carolina,Cumberland,129,67,44.333333333333336,0.0,0.6666666666666666,Lower Risk
North Carolina,Graham,115,67,43.0,0.0,1.3333333333333333,Lower Risk
North Carolina,Guilford,131,67,44.5,0.0,0.8333333333333334,Lower Risk
North Carolina,Union,101,67,39.833333333333336,0.0,0.3333333333333333,Lower Risk
North Carolina,Yancey,105,67,44.2,0.0,0.4,Lower Risk
North Dakota,Billings,226,67,38.0,1.5,3.6666666666666665,Lower Risk
Ohio,Allen,194,67,42.0,0.5,1.1666666666666667,Lower Risk
Ohio,Clinton,140,67,41.333333333333336,0.0,2.0,Lower Risk
Ohio,Greene,126,67,41.0,0.0,1.3333333333333333,Lower Risk
Ohio,Miami,122,67,40.833333333333336,0.0,1.1666666666666667,Lower Risk
Pennsylvania,Blair,213,67,42.166666666666664,0.6666666666666666,0.6666666666666666,Lower Risk
Pennsylvania,Cambria,201,67,45.333333333333336,0.3333333333333333,0.5,Lower Risk
Pennsylvania,Mercer,196,67,41.0,0.3333333333333333,1.8333333333333333,Lower Risk
Pennsylvania,Montgomery,284,67,43.166666666666664,0.5,1.6666666666666667,Lower Risk
South Carolina,York,126,67,44.0,0.0,0.8333333333333334,Lower Risk
South Dakota,Jackson,233,67,40.833333333333336,0.8333333333333334,1.6666666666666667,Lower Risk
Tennessee,Blount,137,67,45.0,0.0,2.0,Lower Risk
Texas,Brazoria,182,67,34.666666666666664,0.6666666666666666,7.333333333333333,Lower Risk
Texas,Gregg,151,67,34.5,0.16666666666666666,0.8333333333333334,Lower Risk
Texas,Parker,156,67,37.0,0.16666666666666666,4.666666666666667,Lower Risk
Texas,Smith,122,67,36.666666666666664,0.0,1.8333333333333333,Lower Risk
Utah,San Juan,126,67,44.333333333333336,0.0,1.3333333333333333,Lower Risk
Utah,Washington,163,67,44.166666666666664,0.16666666666666666,1.1666666666666667,Lower Risk
Wisconsin,Fond du Lac,122,67,38.166666666666664,0.0,1.1666666666666667,Lower Risk
Wyoming,Lincoln,126,67,28.833333333333332,0.0,1.1666666666666667,Lower Risk
Wyoming,Sheridan,205,67,40.666666666666664,1.1666666666666667,3.0,Lower Risk
Alabama,DeKalb,133,66,40.833333333333336,0.0,0.3333333333333333,Lower Risk
Alabama,Madison,135,66,46.5,0.0,0.8333333333333334,Lower Risk
Arkansas,Jackson,95,66,40.166666666666664,0.0,0.0,Lower Risk
Arkansas,Washington,150,66,44.166666666666664,0.0,1.8333333333333333,Lower Risk
California,Napa,224,66,40.0,3.5,3.5,Lower Risk
Florida,Broward,154,66,48.166666666666664,0.16666666666666666,1.0,Lower Risk
Georgia,Houston,152,66,46.166666666666664,0.16666666666666666,1.1666666666666667,Lower Risk
Georgia,Lowndes,154,66,45.833333333333336,0.16666666666666666,1.0,Lower Risk
Idaho,Blaine,220,66,20.833333333333332,1.0,3.6666666666666665,Lower Risk
Idaho,Bonner,261,66,35.166666666666664,2.0,3.3333333333333335,Lower Risk
Idaho,Franklin,162,66,24.166666666666668,0.3333333333333333,2.0,Lower Risk
Indiana,Whitley,223,66,43.833333333333336,0.3333333333333333,1.1666666666666667,Lower Risk
Iowa,Muscatine,207,66,42.5,0.3333333333333333,0.6666666666666666,Lower Risk
Kentucky,Campbell,187,66,42.166666666666664,0.3333333333333333,1.5,Lower Risk
Kentucky,Fayette,167,66,43.166666666666664,0.16666666666666666,0.5,Lower Risk
Kentucky,Hardin,151,66,43.333333333333336,0.16666666666666666,0.6666666666666666,Lower Risk
Kentucky,McCracken,143,66,43.5,0.0,2.3333333333333335,Lower Risk
Nebraska,Gage,163,66,36.6,0.2,0.8,Lower Risk
North Carolina,Rowan,122,66,44.666666666666664,0.0,0.5,Lower Risk
North Carolina,Wake,130,66,46.5,0.0,1.3333333333333333,Lower Risk
Pennsylvania,Chester,248,66,44.0,0.5,1.6666666666666667,Lower Risk
Rhode Island,Washington,164,66,37.333333333333336,0.3333333333333333,3.8333333333333335,Lower Risk
Virginia,Frederick,185,66,42.166666666666664,0.6666666666666666,1.0,Lower Risk
Washington,Lewis,258,66,23.166666666666668,0.6666666666666666,1.5,Lower Risk
Alabama,Etowah,100,65,43.833333333333336,0.0,0.0,Lower Risk
Alabama,Russell,142,65,43.333333333333336,0.0,0.5,Lower Risk
Georgia,Cobb,125,65,40.666666666666664,0.0,0.6666666666666666,Lower Risk
Indiana,Delaware,121,65,39.666666666666664,0.0,1.3333333333333333,Lower Risk
Indiana,Greene,217,65,39.833333333333336,0.16666666666666666,1.8333333333333333,Lower Risk
Iowa,Pottawattamie,151,65,42.333333333333336,0.16666666666666666,0.16666666666666666,Lower Risk
Iowa,Van Buren,176,65,44.0,0.3333333333333333,1.5,Lower Risk
Kentucky,Perry,172,65,42.0,0.5,1.0,Lower Risk
Kentucky,Warren,155,65,42.0,0.16666666666666666,0.6666666666666666,Lower Risk
Maryland,Cecil,190,65,42.0,0.6666666666666666,2.0,Lower Risk
Maryland,Washington,172,65,41.333333333333336,0.3333333333333333,0.8333333333333334,Lower Risk
Montana,Cascade,170,65,34.0,0.6,3.8,Lower Risk
Montana,Hill,215,65,17.0,1.3333333333333333,1.3333333333333333,Lower Risk
New York,Kings,249,65,40.666666666666664,0.6666666666666666,0.16666666666666666,Lower Risk
Ohio,Belmont,181,65,24.5,0.16666666666666666,0.16666666666666666,Lower Risk
Oklahoma,Adair,184,65,43.666666666666664,0.5,1.5,Lower Risk
Puerto Rico,Guayama,82,65,20.5,0.0,0.0,Lower Risk
Texas,Bowie,127,65,50.166666666666664,0.0,0.6666666666666666,Lower Risk
Texas,Harrison,263,65,45.666666666666664,0.5,1.3333333333333333,Lower Risk
Arizona,Navajo,136,64,33.166666666666664,0.0,0.5,Lower Risk
Arkansas,Crittenden,156,64,43.166666666666664,0.16666666666666666,3.5,Lower Risk
California,Monterey,275,64,40.0,1.3333333333333333,0.8333333333333334,Lower Risk
California,San Mateo,199,64,33.4,1.0,1.0,Lower Risk
Colorado,Archuleta,227,64,38.166666666666664,0.0,1.0,Lower Risk
Connecticut,Litchfield,183,64,39.0,0.8333333333333334,3.3333333333333335,Lower Risk
Connecticut,Tolland,156,64,39.5,0.3333333333333333,2.0,Lower Risk
Delaware,Kent,207,64,42.333333333333336,0.3333333333333333,1.6666666666666667,Lower Risk
Florida,Santa Rosa,109,64,45.5,0.0,0.3333333333333333,Lower Risk
Georgia,Douglas,136,64,38.333333333333336,0.0,1.8333333333333333,Lower Risk
Idaho,Twin Falls,163,64,25.833333333333332,1.3333333333333333,2.6666666666666665,Lower Risk
Indiana,Bartholomew,215,64,43.166666666666664,0.0,1.5,Lower Risk
Indiana,Dubois,130,64,41.833333333333336,0.0,0.16666666666666666,Lower Risk
Indiana,Henry,192,64,37.833333333333336,0.3333333333333333,1.3333333333333333,Lower Risk
Iowa,Lee,97,64,42.5,0.0,0.0,Lower Risk
Iowa,Woodbury,169,64,40.333333333333336,0.5,0.5,Lower Risk
Kansas,Leavenworth,129,64,35.333333333333336,0.0,2.0,Lower Risk
Kentucky,Boyd,159,64,42.5,0.3333333333333333,0.5,Lower Risk
Kentucky,Oldham,136,64,40.333333333333336,0.0,1.6666666666666667,Lower Risk
Louisiana,Lafayette,120,64,46.5,0.0,1.0,Lower Risk
Louisiana,Rapides,105,64,37.833333333333336,0.0,0.5,Lower Risk
Maine,Cumberland,136,64,38.333333333333336,0.0,2.5,Lower Risk
Maryland,Charles,119,64,38.833333333333336,0.0,0.8333333333333334,Lower Risk
Massachusetts,Franklin,154,64,41.0,0.16666666666666666,1.5,Lower Risk
Massachusetts,Hampden,153,64,42.666666666666664,0.3333333333333333,2.3333333333333335,Lower Risk
Missouri,Callaway,133,64,39.833333333333336,0.0,0.8333333333333334,Lower Risk
Missouri,Cass,143,64,41.333333333333336,0.0,1.5,Lower Risk
Nebraska,Lancaster,160,64,38.0,0.16666666666666666,0.3333333333333333,Lower Risk
New Jersey,Hudson,203,64,42.166666666666664,0.6666666666666666,1.5,Lower Risk
New Jersey,Hunterdon,262,64,42.0,0.5,1.3333333333333333,Lower Risk
New Jersey,Ocean,248,64,40.5,0.3333333333333333,3.0,Lower Risk
New York,Albany,186,64,39.666666666666664,0.5,2.5,Lower Risk
New York,Essex,161,64,40.833333333333336,0.5,2.5,Lower Risk
New York,Monroe,176,64,41.166666666666664,0.8333333333333334,2.0,Lower Risk
New York,Steuben,256,64,38.166666666666664,0.6666666666666666,1.1666666666666667,Lower Risk
New York,Suffolk,195,64,40.666666666666664,0.8333333333333334,7.333333333333333,Lower Risk
Ohio,Ashtabula,147,64,39.833333333333336,0.0,2.3333333333333335,Lower Risk
Ohio,Clermont,175,64,41.333333333333336,0.16666666666666666,1.8333333333333333,Lower Risk
Ohio,Lawrence,160,64,43.833333333333336,0.3333333333333333,0.6666666666666666,Lower Risk
Ohio,Licking,119,64,40.0,0.0,0.5,Lower Risk
Ohio,Noble,207,64,38.0,0.0,0.3333333333333333,Lower Risk
Ohio,Scioto,238,64,29.333333333333332,0.3333333333333333,1.0,Lower Risk
Oklahoma,Pontotoc,101,64,41.0,0.0,0.6666666666666666,Lower Risk
Pennsylvania,Erie,180,64,37.166666666666664,0.5,1.0,Lower Risk
Pennsylvania,Fayette,129,64,42.5,0.0,0.8333333333333334,Lower Risk
Pennsylvania,Greene,113,64,41.0,0.0,0.8333333333333334,Lower Risk
Pennsylvania,Lackawanna,292,64,40.5,0.6666666666666666,0.6666666666666666,Lower Risk
Puerto Rico,Guaynabo,81,64,30.666666666666668,0.0,0.0,Lower Risk
South Carolina,Charleston,117,64,45.833333333333336,0.0,0.3333333333333333,Lower Risk
South Carolina,Edgefield,115,64,41.833333333333336,0.0,0.16666666666666666,Lower Risk
South Carolina,Florence,104,64,42.833333333333336,0.0,0.16666666666666666,Lower Risk
South Carolina,Richland,141,64,44.5,0.0,1.1666666666666667,Lower Risk
South Dakota,Custer,209,64,42.333333333333336,0.8333333333333334,3.1666666666666665,Lower Risk
South Dakota,Union,167,64,41.5,1.0,1.5,Lower Risk
Tennessee,Sevier,115,64,42.666666666666664,0.0,0.6666666666666666,Lower Risk
Tennessee,Sumner,147,64,43.5,0.0,2.6666666666666665,Lower Risk
Utah,Garfield,115,64,25.666666666666668,0.0,0.3333333333333333,Lower Risk
Utah,Grand,105,64,47.666666666666664,0.0,0.6666666666666666,Lower Risk
Utah,Iron,176,64,42.333333333333336,0.16666666666666666,0.8333333333333334,Lower Risk
Virginia,Albemarle,168,64,41.833333333333336,0.5,0.5,Lower Risk
Virginia,Henrico,159,64,43.0,0.16666666666666666,1.0,Lower Risk
West Virginia,Berkeley,171,64,40.333333333333336,0.16666666666666666,0.6666666666666666,Lower Risk
West Virginia,Kanawha,153,64,41.333333333333336,0.16666666666666666,0.0,Lower Risk
Wisconsin,Ashland,188,64,36.666666666666664,0.3333333333333333,2.0,Lower Risk
Wyoming,Johnson,126,64,40.166666666666664,0.0,1.5,Lower Risk
Wyoming,Weston,136,64,40.4,0.0,1.2,Lower Risk
Alabama,Mobile,108,63,46.666666666666664,0.0,0.16666666666666666,Lower Risk
Alabama,Morgan,140,63,44.0,0.0,0.5,Lower Risk
Arkansas,Union,102,63,48.666666666666664,0.0,0.16666666666666666,Lower Risk
Florida,Holmes,138,63,47.666666666666664,0.0,0.5,Lower Risk
Florida,Leon,163,63,47.5,0.16666666666666666,0.8333333333333334,Lower Risk
Florida,Miami-Dade,197,63,46.666666666666664,1.0,0.8333333333333334,Lower Risk
Georgia,Chatham,131,63,46.5,0.0,0.8333333333333334,Lower Risk
Georgia,Clayton,128,63,44.833333333333336,0.0,0.3333333333333333,Lower Risk
Georgia,Floyd,141,63,39.833333333333336,0.0,0.5,Lower Risk
Georgia,Henry,153,63,40.0,0.16666666666666666,2.6666666666666665,Lower Risk
Massachusetts,Berkshire,170,63,41.0,0.5,1.5,Lower Risk
Michigan,Bay,192,63,33.166666666666664,0.5,0.5,Lower Risk
Minnesota,Carlton,156,63,31.333333333333332,0.16666666666666666,1.5,Lower Risk
Missouri,Buchanan,256,63,43.166666666666664,0.0,1.3333333333333333,Lower Risk
Missouri,Stoddard,98,63,29.0,0.0,0.0,Lower Risk
Montana,Powell,144,63,9.833333333333334,0.0,1.3333333333333333,Lower Risk
New Jersey,Essex,127,63,44.666666666666664,0.0,1.3333333333333333,Lower Risk
New Jersey,Passaic,199,63,38.833333333333336,0.6666666666666666,1.3333333333333333,Lower Risk
North Carolina,Davidson,126,63,46.166666666666664,0.0,0.5,Lower Risk
North Carolina,Montgomery,134,63,42.833333333333336,0.0,0.5,Lower Risk
Oregon,Baker,225,63,29.5,1.5,1.1666666666666667,Lower Risk
Oregon,Wallowa,222,63,25.166666666666668,2.5,1.6666666666666667,Lower Risk
Pennsylvania,Indiana,220,63,40.5,0.3333333333333333,1.5,Lower Risk
Pennsylvania,Westmoreland,133,63,41.166666666666664,0.0,0.5,Lower Risk
Rhode Island,Providence,196,63,42.833333333333336,0.16666666666666666,1.8333333333333333,Lower Risk
South Carolina,Lexington,111,63,41.25,0.0,0.5,Lower Risk
Texas,Orange,119,63,44.166666666666664,0.0,1.3333333333333333,Lower Risk
Virginia,Hampton City,174,63,40.5,0.16666666666666666,0.3333333333333333,Lower Risk
West Virginia,Monongalia,169,63,40.5,0.16666666666666666,0.16666666666666666,Lower Risk
Arkansas,Arkansas,98,62,42.5,0.0,0.0,Lower Risk
Arkansas,Garland,97,62,45.666666666666664,0.0,0.0,Lower Risk
California,Marin,231,62,32.333333333333336,0.6666666666666666,0.6666666666666666,Lower Risk
Florida,Bay,215,62,47.166666666666664,0.0,0.3333333333333333,Lower Risk
Florida,Orange,121,62,39.0,0.0,0.8333333333333334,Lower Risk
Florida,Pinellas,132,62,46.333333333333336,0.0,1.1666666666666667,Lower Risk
Georgia,Glynn,106,62,39.5,0.0,0.16666666666666666,Lower Risk
Idaho,Custer,152,62,6.5,0.16666666666666666,1.3333333333333333,Lower Risk
Indiana,Spencer,170,62,40.833333333333336,0.16666666666666666,0.0,Lower Risk
Indiana,Tippecanoe,206,62,41.166666666666664,0.16666666666666666,0.6666666666666666,Lower Risk
Kentucky,Pulaski,120,62,42.0,0.0,0.5,Lower Risk
Louisiana,Tangipahoa,97,62,39.833333333333336,0.0,0.0,Lower Risk
Massachusetts,Norfolk,136,62,39.0,0.0,1.6666666666666667,Lower Risk
Massachusetts,Suffolk,145,62,41.5,0.0,1.1666666666666667,Lower Risk
Massachusetts,Worcester,148,62,41.833333333333336,0.0,1.1666666666666667,Lower Risk
New York,Richmond,227,62,40.333333333333336,0.6666666666666666,3.0,Lower Risk
North Carolina,New Hanover,142,62,40.0,0.0,0.5,Lower Risk
Oklahoma,Sequoyah,141,62,42.0,0.0,1.1666666666666667,Lower Risk
Pennsylvania,Lycoming,122,62,40.833333333333336,0.0,1.1666666666666667,Lower Risk
South Carolina,Chesterfield,143,62,42.0,0.0,0.6666666666666666,Lower Risk
South Carolina,Horry,170,62,38.666666666666664,0.3333333333333333,0.16666666666666666,Lower Risk
Tennessee,Sullivan,118,62,40.333333333333336,0.0,0.3333333333333333,Lower Risk
Texas,Ector,183,62,36.666666666666664,0.3333333333333333,0.0,Lower Risk
Virginia,Bristol City,116,62,34.166666666666664,0.0,0.3333333333333333,Lower Risk
Virginia,Richmond City,158,62,39.5,0.5,0.3333333333333333,Lower Risk
Virginia,Roanoke,158,62,41.0,0.16666666666666666,0.6666666666666666,Lower Risk
Washington,Garfield,252,62,18.5,2.0,0.8333333333333334,Lower Risk
Wisconsin,Jackson,157,62,30.0,0.4,1.4,Lower Risk
Alabama,Clay,133,61,34.333333333333336,0.0,0.16666666666666666,Lower Risk
Alaska,Anchorage ,132,61,24.666666666666668,0.0,0.6666666666666666,Lower Risk
California,Del Norte,245,61,33.166666666666664,0.8333333333333334,2.0,Lower Risk
Connecticut,New London,172,61,39.5,0.6666666666666666,5.0,Lower Risk
Florida,Columbia,160,61,45.333333333333336,0.3333333333333333,0.16666666666666666,Lower Risk
Florida,Sarasota,143,61,45.333333333333336,0.0,0.3333333333333333,Lower Risk
Florida,Seminole,149,61,41.166666666666664,0.0,0.3333333333333333,Lower Risk
Georgia,Coffee,137,61,38.666666666666664,0.0,0.5,Lower Risk
Georgia,Rockdale,136,61,37.833333333333336,0.0,1.0,Lower Risk
Illinois,Macoupin,129,61,34.0,0.0,2.3333333333333335,Lower Risk
Indiana,Boone,185,61,35.333333333333336,0.16666666666666666,2.5,Lower Risk
Indiana,Monroe,230,61,38.666666666666664,0.16666666666666666,0.5,Lower Risk
Indiana,Posey,126,61,35.0,0.0,1.6666666666666667,Lower Risk
Kentucky,Hancock,140,61,40.833333333333336,0.0,1.1666666666666667,Lower Risk
Kentucky,Simpson,122,61,39.5,0.0,1.1666666666666667,Lower Risk
Louisiana,Caddo,126,61,38.333333333333336,0.0,0.5,Lower Risk
Louisiana,St. Tammany,186,61,39.333333333333336,0.16666666666666666,0.5,Lower Risk
Maine,Oxford,135,61,35.5,0.0,0.6666666666666666,Lower Risk
Maryland,Dorchester,179,61,40.666666666666664,0.5,1.0,Lower Risk
Maryland,Kent,199,61,39.5,0.5,1.3333333333333333,Lower Risk
Maryland,Montgomery,165,61,40.833333333333336,0.5,1.0,Lower Risk
Massachusetts,Bristol,147,61,40.0,0.0,3.3333333333333335,Lower Risk
Michigan,Clinton,136,61,37.333333333333336,0.0,0.6666666666666666,Lower Risk
Michigan,Schoolcraft,134,61,34.5,0.0,1.8333333333333333,Lower Risk
Michigan,Wexford,136,61,34.833333333333336,0.0,1.3333333333333333,Lower Risk
Minnesota,Blue Earth,100,61,41.5,0.0,0.0,Lower Risk
Minnesota,Lake,160,61,33.0,0.16666666666666666,1.5,Lower Risk
Montana,Custer,260,61,38.5,1.75,1.0,Lower Risk
Nebraska,Sarpy,152,61,36.5,0.16666666666666666,1.1666666666666667,Lower Risk
Nebraska,Scotts Bluff,225,61,22.333333333333332,0.0,0.3333333333333333,Lower Risk
New Hampshire,Cheshire,127,61,38.166666666666664,0.0,0.8333333333333334,Lower Risk
New Jersey,Cumberland,203,61,40.833333333333336,0.16666666666666666,1.5,Lower Risk
New Jersey,Monmouth,161,61,37.333333333333336,0.6666666666666666,1.5,Lower Risk
New Jersey,Warren,197,61,39.666666666666664,0.8333333333333334,0.8333333333333334,Lower Risk
North Carolina,Catawba,115,61,43.333333333333336,0.0,0.5,Lower Risk
North Carolina,Granville,112,61,40.166666666666664,0.0,0.5,Lower Risk
North Carolina,Rockingham,108,61,40.833333333333336,0.0,0.16666666666666666,Lower Risk
Ohio,Delaware,119,61,39.5,0.0,1.0,Lower Risk
Ohio,Knox,159,61,39.666666666666664,0.16666666666666666,0.6666666666666666,Lower Risk
Ohio,Washington,108,61,40.0,0.0,0.5,Lower Risk
Ohio,Wood,126,61,38.5,0.0,1.0,Lower Risk
Pennsylvania,Bradford,116,61,39.5,0.0,0.3333333333333333,Lower Risk
Puerto Rico,Fajardo,84,61,28.0,0.0,0.0,Lower Risk
South Carolina,Anderson,115,61,39.666666666666664,0.0,0.16666666666666666,Lower Risk
Tennessee,Madison,108,61,36.833333333333336,0.0,0.5,Lower Risk
Tennessee,McMinn,114,61,37.166666666666664,0.0,0.3333333333333333,Lower Risk
Tennessee,Williamson,122,61,40.5,0.0,0.6666666666666666,Lower Risk
Texas,Ellis,125,61,38.5,0.0,0.8333333333333334,Lower Risk
Virgin Islands,St Croix,84,61,27.333333333333332,0.0,0.0,Lower Risk
Virgin Islands,St Thomas,75,61,31.0,0.0,0.0,Lower Risk
Virginia,Loudoun,167,61,38.833333333333336,0.3333333333333333,1.1666666666666667,Lower Risk
Virginia,Salem City,146,61,32.833333333333336,0.0,0.16666666666666666,Lower Risk
West Virginia,Cabell,144,61,40.333333333333336,0.0,0.16666666666666666,Lower Risk
West Virginia,Hancock,181,61,38.0,0.16666666666666666,1.1666666666666667,Lower Risk
West Virginia,Harrison,166,61,34.833333333333336,0.16666666666666666,0.0,Lower Risk
West Virginia,Ohio,184,61,40.0,0.16666666666666666,0.6666666666666666,Lower Risk
West Virginia,Wood,166,61,39.5,0.16666666666666666,0.6666666666666666,Lower Risk
Wyoming,Park,122,61,15.0,0.0,0.5,Lower Risk
Alabama,Baldwin,97,60,39.833333333333336,0.0,0.0,Lower Risk
Alabama,Tuscaloosa,125,60,37.5,0.0,0.3333333333333333,Lower Risk
Arkansas,Ashley,107,60,41.833333333333336,0.0,0.16666666666666666,Lower Risk
California,Humboldt,299,60,31.333333333333332,0.3333333333333333,1.5,Lower Risk
Florida,Hamilton,155,60,46.333333333333336,0.16666666666666666,0.16666666666666666,Lower Risk
Florida,Marion,101,60,45.333333333333336,0.0,0.5,Lower Risk
Nebraska,Washington,154,60,30.5,0.16666666666666666,0.8333333333333334,Lower Risk
New Jersey,Atlantic,265,60,36.833333333333336,0.3333333333333333,0.6666666666666666,Lower Risk
North Carolina,Buncombe,99,60,40.166666666666664,0.0,0.0,Lower Risk
North Carolina,Johnston,140,60,42.333333333333336,0.0,0.3333333333333333,Lower Risk
North Carolina,Northampton,134,60,33.666666666666664,0.0,0.16666666666666666,Lower Risk
North Carolina,Pitt,118,60,38.166666666666664,0.0,0.3333333333333333,Lower Risk
South Dakota,Brown,208,60,25.833333333333332,0.5,1.8333333333333333,Lower Risk
Tennessee,Dyer,117,60,35.5,0.0,0.5,Lower Risk
Tennessee,Lawrence,98,60,33.166666666666664,0.0,0.0,Lower Risk
Tennessee,Loudon,107,60,40.666666666666664,0.0,0.16666666666666666,Lower Risk
Tennessee,Maury,109,60,33.333333333333336,0.0,0.16666666666666666,Lower Risk
Texas,Brazos,102,60,40.166666666666664,0.0,0.16666666666666666,Lower Risk
Vermont,Rutland,147,60,38.5,0.0,0.5,Lower Risk
Virginia,Virginia Beach City,167,60,34.833333333333336,0.16666666666666666,0.0,Lower Risk
Wisconsin,Monroe,173,60,31.0,0.4,1.2,Lower Risk
Colorado,Delta,141,59,39.0,0.0,0.75,Lower Risk
Florida,Citrus,272,59,44.0,0.0,0.5,Lower Risk
Florida,Polk,105,59,41.0,0.0,0.3333333333333333,Lower Risk
Kentucky,Pike,164,59,38.333333333333336,0.16666666666666666,0.3333333333333333,Lower Risk
Louisiana,Orleans,105,59,37.833333333333336,0.0,0.5,Lower Risk
Maine,Aroostook,205,59,35.5,0.16666666666666666,1.0,Lower Risk
Maine,Kennebec,125,59,34.333333333333336,0.0,0.16666666666666666,Lower Risk
Maryland,Howard,188,59,36.0,0.5,0.16666666666666666,Lower Risk
New Hampshire,Rockingham,147,59,39.666666666666664,0.0,1.3333333333333333,Lower Risk
New York,Onondaga,258,59,37.833333333333336,0.5,1.5,Lower Risk
New York,Rockland,197,59,37.5,0.6666666666666666,2.8333333333333335,Lower Risk
North Carolina,Edgecombe,99,59,38.0,0.0,0.0,Lower Risk
North Carolina,Swain,147,59,39.666666666666664,0.0,0.6666666666666666,Lower Risk
Ohio,Lorain,155,59,38.333333333333336,0.16666666666666666,0.3333333333333333,Lower Risk
Pennsylvania,Tioga,131,59,38.833333333333336,0.0,0.16666666666666666,Lower Risk
Tennessee,Montgomery,138,59,33.833333333333336,0.0,0.6666666666666666,Lower Risk
Vermont,Chittenden,160,59,39.833333333333336,0.3333333333333333,1.1666666666666667,Lower Risk
Virgin Islands,St John,93,59,20.0,0.0,0.0,Lower Risk
Virginia,Charles,151,59,35.333333333333336,0.16666666666666666,0.5,Lower Risk
Virginia,Madison,157,59,40.0,0.3333333333333333,0.6666666666666666,Lower Risk
Washington,Pend Oreille,196,59,36.0,2.0,1.0,Lower Risk
Alabama,Shelby,108,58,36.5,0.0,0.3333333333333333,Lower Risk
Arkansas,Newton,105,58,37.5,0.0,0.16666666666666666,Lower Risk
Arkansas,Polk,167,58,38.166666666666664,0.16666666666666666,0.5,Lower Risk
Colorado,Jackson,108,58,24.333333333333332,0.0,0.6666666666666666,Lower Risk
Florida,Baker,140,58,42.5,0.0,0.3333333333333333,Lower Risk
Florida,Brevard,130,58,41.833333333333336,0.0,0.16666666666666666,Lower Risk
Florida,Collier,144,58,41.833333333333336,0.0,0.16666666666666666,Lower Risk
Florida,Lee,101,58,39.333333333333336,0.0,0.16666666666666666,Lower Risk
Florida,Palm Beach,122,58,42.333333333333336,0.0,0.16666666666666666,Lower Risk
Florida,Volusia,118,58,43.5,0.0,0.16666666666666666,Lower Risk
Florida,Wakulla,164,58,41.0,0.3333333333333333,0.16666666666666666,Lower Risk
Georgia,Murray,112,58,38.5,0.0,1.0,Lower Risk
Georgia,Pike,133,58,36.833333333333336,0.0,1.5,Lower Risk
Hawaii,Hawaii,83,58,26.166666666666668,0.0,0.0,Lower Risk
Illinois,Jo Daviess,154,58,34.833333333333336,0.16666666666666666,1.5,Lower Risk
Indiana,Knox,126,58,36.666666666666664,0.0,1.8333333333333333,Lower Risk
Indiana,Shelby,147,58,35.166666666666664,0.0,1.3333333333333333,Lower Risk
Indiana,Wabash,126,58,36.0,0.0,0.8333333333333334,Lower Risk
Indiana,Warrick,133,58,36.833333333333336,0.0,2.0,Lower Risk
Kentucky,Carter,153,58,36.666666666666664,0.16666666666666666,0.16666666666666666,Lower Risk
Kentucky,Jessamine,122,58,40.333333333333336,0.0,0.5,Lower Risk
Louisiana,Ascension,159,58,32.333333333333336,0.5,1.0,Lower Risk
Louisiana,Ouachita,111,58,38.666666666666664,0.0,0.3333333333333333,Lower Risk
Louisiana,St. John the Baptist,112,58,33.5,0.0,1.1666666666666667,Lower Risk
Louisiana,Terrebonne,176,58,38.166666666666664,0.16666666666666666,0.3333333333333333,Lower Risk
Maryland,Garrett,170,58,39.0,0.3333333333333333,0.0,Lower Risk
Massachusetts,Middlesex,153,58,38.5,0.16666666666666666,0.5,Lower Risk
Massachusetts,Plymouth,114,58,40.5,0.0,1.1666666666666667,Lower Risk
Michigan,Huron,150,58,37.166666666666664,0.0,2.8333333333333335,Lower Risk
Minnesota,Winona,169,58,22.5,0.16666666666666666,0.16666666666666666,Lower Risk
Missouri,Monroe,119,58,34.666666666666664,0.0,0.5,Lower Risk
Nebraska,Hall,190,58,31.833333333333332,0.5,0.6666666666666666,Lower Risk
New Hampshire,Coos,136,58,42.0,0.0,1.6666666666666667,Lower Risk
New Hampshire,Hillsborough,144,58,37.833333333333336,0.0,1.8333333333333333,Lower Risk
New Jersey,Morris,154,58,36.5,0.3333333333333333,1.3333333333333333,Lower Risk
New York,Orange,185,58,33.666666666666664,0.5,0.8333333333333334,Lower Risk
New York,Westchester,198,58,38.333333333333336,0.5,3.6666666666666665,Lower Risk
North Carolina,Lincoln,108,58,40.666666666666664,0.0,0.16666666666666666,Lower Risk
Tennessee,Jefferson,112,58,40.5,0.0,0.5,Lower Risk
Tennessee,Putnam,109,58,33.166666666666664,0.0,0.3333333333333333,Lower Risk
Virginia,Arlington,181,58,37.166666666666664,0.3333333333333333,2.0,Lower Risk
Virginia,Lynchburg City,135,58,30.166666666666668,0.0,0.3333333333333333,Lower Risk
Virginia,Rockingham,168,58,37.166666666666664,0.16666666666666666,0.3333333333333333,Lower Risk
Washington,Columbia,259,58,35.166666666666664,2.0,1.1666666666666667,Lower Risk
West Virginia,Marion,170,58,36.166666666666664,0.16666666666666666,0.0,Lower Risk
Alaska,Juneau ,138,57,21.5,0.0,0.3333333333333333,Lower Risk
California,Sonoma,199,57,28.333333333333332,1.0,0.5,Lower Risk
Florida,Alachua,105,57,39.5,0.0,0.3333333333333333,Lower Risk
Florida,Martin,127,57,41.5,0.0,0.3333333333333333,Lower Risk
Indiana,Sullivan,59,57,39.0,0.0,0.0,Lower Risk
Maine,Penobscot,115,57,33.5,0.0,0.3333333333333333,Lower Risk
Massachusetts,Hampshire,138,57,38.0,0.0,2.0,Lower Risk
Montana,Lake,183,57,8.833333333333334,0.6666666666666666,0.8333333333333334,Lower Risk
Nevada,Nye,294,57,23.333333333333332,1.0,2.8333333333333335,Lower Risk
New York,Chautauqua,140,57,37.0,0.0,2.0,Lower Risk
New York,Nassau,197,57,30.166666666666668,0.5,0.3333333333333333,Lower Risk
New York,Oneida,190,57,26.5,0.5,0.6666666666666666,Lower Risk
Pennsylvania,Susquehanna,133,57,29.0,0.0,0.3333333333333333,Lower Risk
Tennessee,Roane,162,57,34.666666666666664,0.16666666666666666,0.3333333333333333,Lower Risk
Virginia,Chesterfield,139,57,39.0,0.0,0.3333333333333333,Lower Risk
Alabama,Sumter,90,56,36.333333333333336,0.0,0.0,Lower Risk
Michigan,Marquette,183,56,18.5,0.5,0.0,Lower Risk
Montana,Roosevelt,161,56,12.833333333333334,0.16666666666666666,0.16666666666666666,Lower Risk
Montana,Sheridan,160,56,15.666666666666666,0.16666666666666666,0.8333333333333334,Lower Risk
New Hampshire,Grafton,113,56,36.166666666666664,0.0,0.6666666666666666,Lower Risk
North Carolina,Jackson,73,56,35.0,0.0,0.0,Lower Risk
Oklahoma,Grant,89,56,29.5,0.0,0.0,Lower Risk
Oregon,Columbia,293,56,28.0,0.6666666666666666,0.6666666666666666,Lower Risk
Pennsylvania,Wyoming,127,56,30.0,0.0,0.16666666666666666,Lower Risk
Vermont,Bennington,157,56,37.333333333333336,0.3333333333333333,0.8333333333333334,Lower Risk
Washington,Whatcom,243,56,29.666666666666668,1.5,1.1666666666666667,Lower Risk
West Virginia,Brooke,183,56,24.5,0.16666666666666666,0.3333333333333333,Lower Risk
Georgia,Charlton,139,55,25.833333333333332,0.0,0.16666666666666666,Lower Risk
Maine,Androscoggin,112,55,33.833333333333336,0.0,0.3333333333333333,Lower Risk
Missouri,Taney,86,55,25.833333333333332,0.0,0.0,Lower Risk
Montana,Beaverhead,180,55,12.333333333333334,0.6666666666666666,0.6666666666666666,Lower Risk
North Carolina,Mitchell,104,55,31.166666666666668,0.0,0.5,Lower Risk
Ohio,Adams,83,55,39.0,0.0,0.0,Lower Risk
Ohio,Athens,157,55,29.666666666666668,0.16666666666666666,0.0,Lower Risk
Rhode Island,Kent,140,55,34.166666666666664,0.0,1.3333333333333333,Lower Risk
Texas,Lubbock,167,55,26.0,0.3333333333333333,0.5,Lower Risk
Washington,Franklin,284,55,21.666666666666668,1.3333333333333333,0.3333333333333333,Lower Risk
Washington,Kitsap,245,55,23.166666666666668,0.16666666666666666,1.3333333333333333,Lower Risk
Alabama,Lawrence,86,54,28.5,0.0,0.0,Lower Risk
Alaska,Matanuska-Susitna ,163,54,13.333333333333334,0.16666666666666666,1.0,Lower Risk
Florida,Manatee,115,54,34.666666666666664,0.0,0.16666666666666666,Lower Risk
Florida,Osceola,108,54,35.333333333333336,0.0,0.3333333333333333,Lower Risk
Indiana,Carroll,122,54,34.666666666666664,0.0,1.1666666666666667,Lower Risk
Kansas,Chase,99,54,26.0,0.0,0.0,Lower Risk
Louisiana,St. Martin,112,54,35.333333333333336,0.0,0.3333333333333333,Lower Risk
Maine,Hancock,133,54,36.666666666666664,0.0,1.6666666666666667,Lower Risk
Maryland,Calvert,108,54,39.0,0.0,0.5,Lower Risk
Minnesota,Cook,153,54,11.166666666666666,0.16666666666666666,1.1666666666666667,Lower Risk
Mississippi,Lee,122,54,38.666666666666664,0.0,0.3333333333333333,Lower Risk
New Hampshire,Belknap,110,54,33.166666666666664,0.0,0.3333333333333333,Lower Risk
New Mexico,Catron,175,54,16.5,0.16666666666666666,0.0,Lower Risk
North Carolina,Alexander,105,54,38.166666666666664,0.0,0.16666666666666666,Lower Risk
Puerto Rico,Bayamon,124,54,20.666666666666668,0.0,0.5,Lower Risk
South Carolina,Darlington,100,54,37.5,0.0,0.0,Lower Risk
Tennessee,Wilson,126,54,38.5,0.0,0.8333333333333334,Lower Risk
Texas,Hunt,133,54,34.666666666666664,0.0,0.6666666666666666,Lower Risk
Texas,Potter,138,54,26.5,0.0,0.6666666666666666,Lower Risk
Washington,Cowlitz,282,54,21.333333333333332,0.5,0.5,Lower Risk
Colorado,Alamosa,134,53,18.166666666666668,0.0,0.3333333333333333,Lower Risk
Florida,Nassau,57,53,42.0,0.0,0.0,Lower Risk
Kansas,Ford,169,53,19.0,0.16666666666666666,0.5,Lower Risk
New Mexico,Taos,108,53,20.666666666666668,0.0,0.16666666666666666,Lower Risk
North Carolina,Avery,98,53,38.5,0.0,0.0,Lower Risk
Ohio,Harrison,71,53,13.0,0.0,0.0,Lower Risk
Virginia,Norfolk City,96,53,22.833333333333332,0.0,0.0,Lower Risk
Washington,Thurston,242,53,25.833333333333332,0.8333333333333334,0.16666666666666666,Lower Risk
Kentucky,Edmonson,115,52,36.833333333333336,0.0,0.6666666666666666,Lower Risk
Michigan,Keweenaw,141,52,12.333333333333334,0.0,0.5,Lower Risk
Montana,Glacier,166,52,19.0,0.3333333333333333,2.0,Lower Risk
New Mexico,Lincoln,84,52,14.333333333333334,0.0,0.0,Lower Risk
South Dakota,Hughes,268,52,12.333333333333334,0.6666666666666666,0.6666666666666666,Lower Risk
Washington,Adams,267,52,18.666666666666668,1.8333333333333333,1.0,Lower Risk
Washington,Skagit,183,52,26.666666666666668,0.16666666666666666,0.8333333333333334,Lower Risk
Florida,Pasco,115,51,37.0,0.0,0.16666666666666666,Lower Risk
Illinois,Clark,136,51,34.5,0.0,1.0,Lower Risk
Indiana,Hendricks,119,51,34.833333333333336,0.0,0.6666666666666666,Lower Risk
Indiana,Perry,119,51,36.833333333333336,0.0,0.6666666666666666,Lower Risk
Kentucky,Washington,108,51,37.333333333333336,0.0,0.3333333333333333,Lower Risk
Louisiana,Pointe Coupee,112,51,34.166666666666664,0.0,0.8333333333333334,Lower Risk
Louisiana,St. James,115,51,31.333333333333332,0.0,0.8333333333333334,Lower Risk
Maine,Washington,100,51,34.333333333333336,0.0,0.0,Lower Risk
Michigan,Tuscola,154,51,34.166666666666664,0.16666666666666666,1.6666666666666667,Lower Risk
Minnesota,Mille Lacs,136,51,35.833333333333336,0.0,0.8333333333333334,Lower Risk
Montana,Dawson,162,51,14.0,0.5,1.5,Lower Risk
New Mexico,Chaves,88,51,23.333333333333332,0.0,0.0,Lower Risk
North Carolina,Caldwell,97,51,38.5,0.0,0.0,Lower Risk
North Carolina,Hyde,65,51,22.333333333333332,0.0,0.0,Lower Risk
North Carolina,Lenoir,108,51,35.833333333333336,0.0,0.3333333333333333,Lower Risk
North Carolina,Person,101,51,38.833333333333336,0.0,0.16666666666666666,Lower Risk
Oklahoma,Mayes,129,51,38.666666666666664,0.0,0.6666666666666666,Lower Risk
Pennsylvania,Franklin,133,51,36.166666666666664,0.0,0.3333333333333333,Lower Risk
South Carolina,Aiken,87,51,37.0,0.0,0.0,Lower Risk
Tennessee,Anderson,105,51,39.333333333333336,0.0,0.3333333333333333,Lower Risk
Virginia,Giles,101,51,38.0,0.0,0.16666666666666666,Lower Risk
West Virginia,Greenbrier,87,51,37.5,0.0,0.0,Lower Risk
Wyoming,Big Horn,126,51,38.6,0.0,1.0,Lower Risk
Wyoming,Uinta,122,51,12.833333333333334,0.0,0.3333333333333333,Lower Risk
Connecticut,Windham,140,50,34.833333333333336,0.0,1.0,Lower Risk
Florida,Highlands,112,50,33.5,0.0,0.3333333333333333,Lower Risk
Florida,Lake,112,50,34.833333333333336,0.0,0.16666666666666666,Lower Risk
Florida,Okaloosa,84,50,36.0,0.0,0.0,Lower Risk
Indiana,Brown,126,50,35.333333333333336,0.0,0.3333333333333333,Lower Risk
Kansas,Douglas,101,50,41.0,0.0,1.0,Lower Risk
Kentucky,Greenup,84,50,36.5,0.0,0.0,Lower Risk
Kentucky,Trigg,84,50,36.0,0.0,0.0,Lower Risk
Maine,Knox,119,50,33.5,0.0,0.3333333333333333,Lower Risk
Maine,York,169,50,36.5,0.16666666666666666,1.3333333333333333,Lower Risk
New York,Niagara,133,50,34.5,0.0,0.6666666666666666,Lower Risk
North Carolina,Carteret,105,50,35.666666666666664,0.0,0.3333333333333333,Lower Risk
Pennsylvania,Somerset,93,50,35.166666666666664,0.0,0.0,Lower Risk
Puerto Rico,Adjuntas,63,50,16.0,0.0,0.0,Lower Risk
Texas,Polk,105,50,32.666666666666664,0.0,0.16666666666666666,Lower Risk
Virginia,Caroline,108,50,36.5,0.0,0.3333333333333333,Lower Risk
Virginia,Hanover,101,50,37.833333333333336,0.0,0.16666666666666666,Lower Risk
Virginia,Prince William,129,50,35.333333333333336,0.0,0.6666666666666666,Lower Risk
Virginia,Stafford,169,50,35.333333333333336,0.16666666666666666,0.3333333333333333,Lower Risk
Washington,Grays Harbor,242,50,22.833333333333332,0.3333333333333333,0.3333333333333333,Lower Risk
Alabama,Elmore,90,49,33.833333333333336,0.0,0.0,Lower Risk
Arkansas,Clark,93,49,33.5,0.0,0.0,Lower Risk
Colorado,Fremont,77,49,14.666666666666666,0.0,0.0,Lower Risk
Florida,Indian River,87,49,35.166666666666664,0.0,0.0,Lower Risk
Florida,Putnam,112,49,18.166666666666668,0.0,0.3333333333333333,Lower Risk
Georgia,Chattooga,100,49,35.4,0.0,0.0,Lower Risk
Georgia,Dawson,154,49,35.666666666666664,0.16666666666666666,0.5,Lower Risk
Georgia,Sumter,93,49,35.6,0.0,0.0,Lower Risk
Kentucky,Morgan,93,49,35.666666666666664,0.0,0.0,Lower Risk
Maine,Sagadahoc,108,49,35.25,0.0,0.25,Lower Risk
Massachusetts,Barnstable,140,49,36.5,0.0,2.0,Lower Risk
Massachusetts,Dukes,151,49,37.0,0.16666666666666666,1.6666666666666667,Lower Risk
New York,Tompkins,105,49,35.5,0.0,0.16666666666666666,Lower Risk
North Carolina,Caswell,97,49,36.833333333333336,0.0,0.0,Lower Risk
Ohio,Fayette,90,49,35.333333333333336,0.0,0.0,Lower Risk
Pennsylvania,Monroe,126,49,35.166666666666664,0.0,0.6666666666666666,Lower Risk
South Carolina,Berkeley,105,49,35.0,0.0,0.3333333333333333,Lower Risk
Tennessee,Claiborne,105,49,35.0,0.0,0.3333333333333333,Lower Risk
Tennessee,DeKalb,100,49,35.5,0.0,0.0,Lower Risk
Texas,Rockwall,133,49,32.666666666666664,0.0,0.8333333333333334,Lower Risk
Texas,Victoria,105,49,31.666666666666668,0.0,0.3333333333333333,Lower Risk
Virginia,Fauquier,115,49,35.0,0.0,0.3333333333333333,Lower Risk
Virginia,Rockbridge,240,49,34.5,0.16666666666666666,0.0,Lower Risk
Virginia,Suffolk City,115,49,37.833333333333336,0.0,0.5,Lower Risk
Virginia,Wythe,87,49,38.833333333333336,0.0,0.0,Lower Risk
West Virginia,Tucker,91,49,35.666666666666664,0.0,0.0,Lower Risk
Colorado,Routt,87,48,15.0,0.0,0.0,Lower Risk
Georgia,Columbia,90,48,34.0,0.0,0.0,Lower Risk
Mississippi,Lauderdale,93,48,34.5,0.0,0.0,Lower Risk
Mississippi,Yalobusha,119,48,33.5,0.0,0.16666666666666666,Lower Risk
New Hampshire,Merrimack,101,48,37.333333333333336,0.0,0.16666666666666666,Lower Risk
New York,Dutchess,151,48,34.833333333333336,0.16666666666666666,1.5,Lower Risk
New York,Putnam,140,48,33.666666666666664,0.0,1.8333333333333333,Lower Risk
New York,Wayne,150,48,33.666666666666664,0.0,0.8333333333333334,Lower Risk
Pennsylvania,Elk,101,48,35.0,0.0,0.16666666666666666,Lower Risk
Pennsylvania,Lawrence,126,48,31.4,0.0,0.6,Lower Risk
Pennsylvania,Luzerne,90,48,34.0,0.0,0.0,Lower Risk
Puerto Rico,Caguas,174,48,7.5,0.16666666666666666,0.16666666666666666,Lower Risk
Florida,St. Lucie,80,47,33.5,0.0,0.0,Lower Risk
Hawaii,Honolulu,117,47,29.666666666666668,0.0,0.16666666666666666,Lower Risk
New York,Jefferson,101,47,33.0,0.0,0.16666666666666666,Lower Risk
North Carolina,Macon,97,47,32.0,0.0,0.0,Lower Risk
North Carolina,Martin,80,47,32.333333333333336,0.0,0.0,Lower Risk
West Virginia,Gilmer,74,47,32.333333333333336,0.0,0.0,Lower Risk
Florida,Flagler,100,46,33.666666666666664,0.0,0.0,Lower Risk
New York,Hamilton,100,46,33.833333333333336,0.0,0.0,Lower Risk
New York,Oswego,105,46,33.166666666666664,0.0,0.16666666666666666,Lower Risk
Colorado,Pitkin,154,45,15.5,0.16666666666666666,0.0,Lower Risk
Florida,Liberty,77,45,31.833333333333332,0.0,0.0,Lower Risk
New York,Saratoga,122,45,32.5,0.0,0.16666666666666666,Lower Risk
Virginia,Prince Edward,80,45,33.166666666666664,0.0,0.0,Lower Risk
Alaska,Denali ,82,44,34.333333333333336,0.0,0.0,Lower Risk
California,Lake,190,44,29.666666666666668,0.6666666666666666,0.16666666666666666,Lower Risk
Montana,Teton,101,44,13.5,0.0,0.5,Lower Risk
Nebraska,Thomas,84,44,14.2,0.0,0.0,Lower Risk
Pennsylvania,Clearfield,97,44,33.0,0.0,0.0,Lower Risk
Washington,Jefferson,232,43,20.833333333333332,0.3333333333333333,0.3333333333333333,Lower Risk
Wyoming,Washakie,83,43,9.0,0.0,0.0,Lower Risk
Iowa,Cerro Gordo,61,41,18.25,0.0,0.0,Lower Risk
Nebraska,Cass,87,40,17.666666666666668,0.0,0.0,Lower Risk
New Mexico,Los Alamos,109,39,13.166666666666666,0.0,0.3333333333333333,Lower Risk
Utah,Wayne,84,38,10.0,0.0,0.0,Lower Risk
Vermont,Windham,95,38,12.0,0.0,0.0,Lower Risk
Hawaii,Maui,152,37,21.0,0.16666666666666666,0.16666666666666666,Lower Risk
New Mexico,Socorro,72,37,14.666666666666666,0.0,0.0,Lower Risk
Washington,Pacific,56,35,17.0,0.0,0.0,Lower Risk
Colorado,San Juan,79,33,8.333333333333334,0.0,0.0,Lower Risk
Alaska,Aleutians East ,74,32,11.833333333333334,0.0,0.0,Lower Risk
Hawaii,Kauai,52,32,15.0,0.0,0.0,Lower Risk
Puerto Rico,San Juan,39,32,8.0,0.0,0.0,Lower Risk
Arizona,Apache,106,31,13.5,0.0,0.16666666666666666,Lower Risk
Idaho,Jerome,49,26,13.0,0.0,0.0,Lower Risk
Ohio,Columbiana,74,26,12.166666666666666,0.0,0.0,Lower Risk
Alaska,Bethel ,56,24,7.0,0.0,0.0,Lower Risk
Alaska,Kenai Peninsula ,73,21,9.0,0.0,0.0,Lower Risk
Texas,Wilson,44,21,7.166666666666667,0.0,0.0,Lower Risk
Wyoming,Carbon,37,21,8.333333333333334,0.0,0.0,Lower Risk
Alaska,North Slope ,170,19,5.666666666666667,0.16666666666666666,0.0,Lower Risk
Virginia,Carroll,45,19,8.0,0.0,0.0,Lower Risk
Texas,Karnes,34,17,6.0,0.0,0.0,Lower Risk
Puerto Rico,Juncos,174,16,9.0,1.0,5.0,Lower Risk
Virginia,Hopewell City,50,15,6.5,0.0,0.0,Lower Risk
Virginia,Winchester City,18,12,6.0,0.0,0.0,Lower Risk
Virginia,Alexandria City,9,7,6.0,0.0,0.0,Lower Risk
Virginia,Pittsylvania,28,7,3.0,0.0,0.0,Lower Risk
