"State","County","Year","Days with AQI","Good Days","Moderate Days","Unhealthy for Sensitive Groups Days","Unhealthy Days","Very Unhealthy Days","Hazardous Days","Max AQI","90th Percentile AQI","Median AQI","Days CO","Days NO2","Days Ozone","Days PM2.5","Days PM10"
"Alabama","Baldwin",2023,347,236,111,0,0,0,0,90,60,43,0,0,108,239,0
"Alabama","Clay",2023,327,221,106,0,0,0,0,85,61,41,0,0,0,327,0
"Alabama","DeKalb",2023,365,212,151,2,0,0,0,133,66,48,0,0,162,203,0
"Alabama","Elmore",2023,238,221,17,0,0,0,0,90,49,38,0,0,238,0,0
"Alabama","Etowah",2023,365,182,183,0,0,0,0,100,65,51,0,0,90,275,0
"Alabama","Jefferson",2023,365,73,272,15,3,2,0,255,89,61,0,0,53,312,0
"Alabama","Lawrence",2023,98,81,17,0,0,0,0,67,54,34,0,0,0,98,0
"Alabama","Madison",2023,364,204,157,3,0,0,0,135,66,49,0,0,92,272,0
"Alabama","Mobile",2023,361,203,157,1,0,0,0,108,63,46,0,0,96,257,8
"Alabama","Montgomery",2023,331,138,193,0,0,0,0,93,66,52,0,0,65,266,0
"Alabama","Morgan",2023,364,259,103,2,0,0,0,140,61,43,0,0,157,207,0
"Alabama","Russell",2023,318,233,85,0,0,0,0,93,63,43,0,0,185,133,0
"Alabama","Shelby",2023,242,207,34,1,0,0,0,108,58,40,0,0,242,0,0
"Alabama","Sumter",2023,363,303,60,0,0,0,0,84,55,35,0,0,134,229,0
"Alabama","Tuscaloosa",2023,365,255,110,0,0,0,0,87,60,42,0,0,112,253,0
"Alaska","Aleutians East ",2023,121,120,1,0,0,0,0,55,23,11,0,0,0,121,0
"Alaska","Anchorage ",2023,365,319,46,0,0,0,0,71,53,21,9,0,0,236,120
"Alaska","Denali ",2023,350,350,0,0,0,0,0,50,42,33,0,0,338,12,0
"Alaska","Fairbanks North Star ",2023,365,224,109,21,10,1,0,231,93,41,0,0,135,229,1
"Alaska","Juneau ",2023,364,314,50,0,0,0,0,78,54,24,0,0,0,364,0
"Alaska","Kenai Peninsula ",2023,119,119,0,0,0,0,0,29,16,10,0,0,0,119,0
"Alaska","Matanuska-Susitna ",2023,358,317,40,1,0,0,0,102,53,14,0,0,0,301,57
"Alaska","North Slope ",2023,121,120,1,0,0,0,0,77,16,4,0,0,0,121,0
"Arizona","Apache",2023,365,362,2,1,0,0,0,106,26,13,0,0,0,65,300
"Arizona","Cochise",2023,365,272,90,3,0,0,0,108,64,44,0,0,317,1,47
"Arizona","Coconino",2023,365,243,118,1,2,1,0,203,80,46,0,0,356,9,0
"Arizona","Gila",2023,365,232,121,11,1,0,0,154,84,46,0,0,347,2,16
"Arizona","La Paz",2023,364,257,104,3,0,0,0,126,74,45,0,0,345,6,13
"Arizona","Maricopa",2023,365,41,256,61,7,0,0,183,119,72,0,0,193,91,81
"Arizona","Mohave",2023,353,344,9,0,0,0,0,99,27,15,0,0,0,0,353
"Arizona","Navajo",2023,364,290,74,0,0,0,0,84,64,43,0,0,357,2,5
"Arizona","Pima",2023,365,123,235,7,0,0,0,147,84,54,0,0,179,123,63
"Arizona","Pinal",2023,365,109,211,38,5,1,1,709,105,64,0,0,155,44,166
"Arizona","Santa Cruz",2023,358,265,92,1,0,0,0,145,63,37,0,0,0,266,92
"Arizona","Yavapai",2023,364,298,66,0,0,0,0,87,61,43,0,0,357,7,0
"Arizona","Yuma",2023,365,204,150,6,4,0,1,519,74,48,0,0,213,72,80
"Arkansas","Arkansas",2023,120,69,51,0,0,0,0,80,62,44,0,0,0,120,0
"Arkansas","Ashley",2023,119,71,47,1,0,0,0,107,60,43,0,0,0,119,0
"Arkansas","Clark",2023,351,321,30,0,0,0,0,87,49,35,0,0,351,0,0
"Arkansas","Crittenden",2023,364,274,85,5,0,0,0,133,64,41,0,4,288,72,0
"Arkansas","Garland",2023,104,57,47,0,0,0,0,67,61,47,0,0,0,104,0
"Arkansas","Jackson",2023,120,70,50,0,0,0,0,91,66,44,0,0,0,120,0
"Arkansas","Newton",2023,364,311,53,0,0,0,0,90,58,39,0,0,345,19,0
"Arkansas","Polk",2023,242,188,54,0,0,0,0,92,56,40,0,0,146,96,0
"Arkansas","Pulaski",2023,365,122,238,4,1,0,0,174,79,55,0,0,60,305,0
"Arkansas","Union",2023,119,59,59,1,0,0,0,102,63,51,0,0,0,119,0
"Arkansas","Washington",2023,365,265,95,5,0,0,0,119,64,44,0,0,323,42,0
"California","Alameda",2023,365,197,155,13,0,0,0,130,70,48,1,16,129,219,0
"California","Amador",2023,360,341,19,0,0,0,0,80,48,36,0,0,360,0,0
"California","Butte",2023,365,191,174,0,0,0,0,100,71,50,0,0,202,158,5
"California","Calaveras",2023,365,292,72,1,0,0,0,101,56,40,0,0,277,87,1
"California","Colusa",2023,365,115,250,0,0,0,0,98,66,55,0,0,97,268,0
"California","Contra Costa",2023,365,173,190,2,0,0,0,110,64,51,0,1,94,270,0
"California","Del Norte",2023,328,268,52,6,2,0,0,187,55,32,0,0,0,328,0
"California","El Dorado",2023,365,259,101,5,0,0,0,119,77,44,0,0,349,11,5
"California","Fresno",2023,365,97,210,55,3,0,0,156,112,64,0,0,208,147,10
"California","Glenn",2023,363,273,90,0,0,0,0,97,58,41,0,0,228,133,2
"California","Humboldt",2023,365,284,70,6,1,4,0,299,60,32,0,0,190,153,22
"California","Imperial",2023,365,104,214,37,3,3,4,506,105,61,0,1,171,98,95
"California","Inyo",2023,365,106,236,13,3,1,6,786,90,61,0,0,202,123,40
"California","Kern",2023,365,85,210,58,12,0,0,174,122,69,0,1,217,135,12
"California","Kings",2023,365,124,213,28,0,0,0,148,95,58,0,0,154,165,46
"California","Lake",2023,363,357,6,0,0,0,0,67,39,32,0,0,353,10,0
"California","Los Angeles",2023,365,41,237,52,32,3,0,210,147,67,0,5,150,203,7
"California","Madera",2023,365,162,188,14,1,0,0,151,84,52,0,0,210,135,20
"California","Marin",2023,363,315,48,0,0,0,0,99,52,34,0,3,212,147,1
"California","Mariposa",2023,365,217,131,10,5,2,0,264,77,47,0,0,249,116,0
"California","Mendocino",2023,365,144,216,5,0,0,0,140,69,53,0,0,29,336,0
"California","Merced",2023,365,171,179,15,0,0,0,129,87,51,0,0,220,131,14
"California","Mono",2023,365,325,35,1,1,0,3,1829,51,24,0,0,0,234,131
"California","Monterey",2023,365,274,90,1,0,0,0,115,55,42,0,0,146,212,7
"California","Nevada",2023,363,282,81,0,0,0,0,97,55,42,0,0,106,257,0
"California","Orange",2023,365,160,195,9,1,0,0,166,77,52,0,14,142,204,5
"California","Placer",2023,365,164,193,8,0,0,0,143,80,52,0,0,245,120,0
"California","Plumas",2023,365,186,168,11,0,0,0,142,87,50,0,0,0,365,0
"California","Riverside",2023,365,62,187,73,33,6,4,660,156,79,0,1,207,98,59
"California","Sacramento",2023,365,180,173,12,0,0,0,133,86,51,0,0,199,166,0
"California","San Benito",2023,365,316,48,1,0,0,0,111,54,40,0,0,337,26,2
"California","San Bernardino",2023,365,50,197,67,44,7,0,214,164,71,0,13,205,137,10
"California","San Diego",2023,365,61,260,44,0,0,0,150,101,67,0,1,185,151,28
"California","San Francisco",2023,365,299,65,1,0,0,0,117,54,32,2,16,171,176,0
"California","San Joaquin",2023,365,208,148,9,0,0,0,119,78,47,0,0,161,194,10
"California","San Luis Obispo",2023,365,207,152,6,0,0,0,122,77,47,0,3,244,115,3
"California","San Mateo",2023,363,355,8,0,0,0,0,71,41,31,11,41,295,16,0
"California","Santa Barbara",2023,365,232,133,0,0,0,0,95,59,45,0,0,170,186,9
"California","Santa Clara",2023,365,240,121,4,0,0,0,134,63,43,0,2,184,179,0
"California","Santa Cruz",2023,365,300,64,1,0,0,0,130,53,36,0,0,176,189,0
"California","Shasta",2023,365,247,112,5,0,0,1,1435,64,45,0,0,272,93,0
"California","Siskiyou",2023,365,270,78,7,6,3,1,320,64,43,0,0,207,158,0
"California","Solano",2023,365,269,95,1,0,0,0,105,57,40,0,1,242,122,0
"California","Sonoma",2023,365,323,40,2,0,0,0,117,51,33,1,0,236,127,1
"California","Stanislaus",2023,365,166,176,23,0,0,0,150,93,54,0,0,199,161,5
"California","Sutter",2023,363,192,168,3,0,0,0,105,69,49,0,0,214,149,0
"California","Tehama",2023,365,242,117,6,0,0,0,136,67,44,0,0,285,77,3
"California","Trinity",2023,311,209,93,6,3,0,0,174,65,31,0,0,0,311,0
"California","Tulare",2023,365,94,189,61,19,2,0,242,126,69,0,0,206,154,5
"California","Tuolumne",2023,290,237,51,2,0,0,0,112,61,43,0,0,290,0,0
"California","Ventura",2023,365,220,133,12,0,0,0,136,80,46,0,0,239,121,5
"California","Yolo",2023,365,246,117,2,0,0,0,108,65,43,0,0,225,140,0
"Colorado","Adams",2023,365,179,181,3,2,0,0,174,71,51,0,34,180,112,39
"Colorado","Alamosa",2023,165,142,23,0,0,0,0,70,53,22,0,0,0,158,7
"Colorado","Arapahoe",2023,365,239,118,8,0,0,0,136,74,47,0,0,351,14,0
"Colorado","Archuleta",2023,365,349,15,1,0,0,0,120,46,35,0,0,285,0,80
"Colorado","Boulder",2023,365,192,167,4,2,0,0,181,74,50,0,0,272,93,0
"Colorado","Chaffee",2023,166,66,96,4,0,0,0,115,87,58,0,0,166,0,0
"Colorado","Clear Creek",2023,359,204,147,8,0,0,0,136,84,49,0,0,359,0,0
"Colorado","Denver",2023,365,131,228,4,2,0,0,179,77,54,0,64,166,135,0
"Colorado","Douglas",2023,364,200,149,14,1,0,0,177,84,49,0,0,316,48,0
"Colorado","El Paso",2023,365,240,123,1,1,0,0,154,67,47,0,0,334,31,0
"Colorado","Fremont",2023,163,162,1,0,0,0,0,71,21,12,0,0,0,0,163
"Colorado","Garfield",2023,365,166,196,3,0,0,0,126,77,54,0,0,360,5,0
"Colorado","Gilpin",2023,365,258,103,4,0,0,0,129,71,47,0,0,365,0,0
"Colorado","Grand",2023,158,131,27,0,0,0,0,77,58,46,0,0,158,0,0
"Colorado","Gunnison",2023,363,251,112,0,0,0,0,93,67,46,0,0,363,0,0
"Colorado","Jackson",2023,365,289,75,1,0,0,0,108,58,45,0,2,344,10,9
"Colorado","Jefferson",2023,365,206,141,18,0,0,0,143,90,49,0,2,363,0,0
"Colorado","La Plata",2023,365,237,123,2,2,1,0,211,71,46,0,0,337,28,0
"Colorado","Larimer",2023,365,175,185,4,1,0,0,156,77,51,0,0,304,61,0
"Colorado","Mesa",2023,365,246,119,0,0,0,0,90,64,46,0,0,301,64,0
"Colorado","Montezuma",2023,365,291,74,0,0,0,0,80,58,44,0,0,364,1,0
"Colorado","Park",2023,269,137,129,3,0,0,0,147,80,50,0,0,269,0,0
"Colorado","Pitkin",2023,121,120,1,0,0,0,0,51,30,13,0,0,0,37,84
"Colorado","Prowers",2023,350,336,13,1,0,0,0,103,40,19,0,0,0,47,303
"Colorado","Pueblo",2023,362,277,84,1,0,0,0,115,67,43,0,0,278,43,41
"Colorado","Rio Blanco",2023,365,247,113,4,1,0,0,166,67,47,0,0,360,5,0
"Colorado","Routt",2023,353,348,5,0,0,0,0,58,23,13,0,0,0,0,353
"Colorado","San Juan",2023,120,120,0,0,0,0,0,50,20,9,0,0,0,120,0
"Colorado","San Miguel",2023,253,185,68,0,0,0,0,84,61,47,0,0,198,0,55
"Colorado","Weld",2023,365,146,214,4,1,0,0,162,80,55,0,0,263,102,0
"Connecticut","Fairfield",2023,365,210,135,12,7,1,0,242,79,46,0,12,146,206,1
"Connecticut","Hartford",2023,365,226,132,4,3,0,0,166,64,43,0,19,156,190,0
"Connecticut","Litchfield",2023,364,285,72,3,4,0,0,183,59,38,6,0,263,95,0
"Connecticut","Middlesex",2023,209,170,35,4,0,0,0,140,64,43,0,0,209,0,0
"Connecticut","New Haven",2023,365,205,148,9,2,1,0,208,74,47,0,9,158,198,0
"Connecticut","New London",2023,363,258,95,7,3,0,0,166,61,41,0,0,137,226,0
"Connecticut","Tolland",2023,212,178,31,2,1,0,0,156,58,41,0,0,212,0,0
"Connecticut","Windham",2023,359,340,17,2,0,0,0,112,46,34,0,0,359,0,0
"Country Of Mexico","SONORA",2023,364,151,202,10,1,0,0,155,80,53,0,0,115,142,107
"Delaware","Kent",2023,348,216,124,5,2,1,0,207,64,46,0,0,138,210,0
"Delaware","New Castle",2023,365,173,184,5,1,2,0,282,73,51,0,2,127,236,0
"Delaware","Sussex",2023,365,215,144,3,2,1,0,203,68,47,0,0,140,225,0
"District Of Columbia","District of Columbia",2023,365,189,164,9,3,0,0,196,72,50,0,7,162,195,1
"Florida","Alachua",2023,365,270,94,1,0,0,0,104,57,40,0,0,139,226,0
"Florida","Baker",2023,364,248,116,0,0,0,0,89,58,43,0,0,101,263,0
"Florida","Bay",2023,365,176,189,0,0,0,0,95,61,51,0,0,73,292,0
"Florida","Brevard",2023,365,279,85,1,0,0,0,130,58,43,0,0,222,143,0
"Florida","Broward",2023,365,158,204,3,0,0,0,109,66,52,0,5,72,288,0
"Florida","Citrus",2023,353,230,122,1,0,0,0,118,58,45,0,0,0,353,0
"Florida","Collier",2023,360,259,100,1,0,0,0,144,57,43,0,0,101,259,0
"Florida","Columbia",2023,363,212,151,0,0,0,0,92,61,47,0,0,96,267,0
"Florida","Duval",2023,365,156,207,2,0,0,0,124,67,52,0,0,62,303,0
"Florida","Escambia",2023,365,178,186,1,0,0,0,108,67,51,0,0,114,251,0
"Florida","Flagler",2023,364,354,10,0,0,0,0,71,46,35,0,0,364,0,0
"Florida","Hamilton",2023,318,191,127,0,0,0,0,89,60,46,0,0,0,318,0
"Florida","Highlands",2023,360,345,14,1,0,0,0,108,45,35,0,0,360,0,0
"Florida","Hillsborough",2023,365,156,206,3,0,0,0,114,69,51,0,0,102,261,2
"Florida","Holmes",2023,365,189,176,0,0,0,0,87,63,49,0,0,47,318,0
"Florida","Indian River",2023,358,350,8,0,0,0,0,74,44,34,0,0,358,0,0
"Florida","Lake",2023,364,337,27,0,0,0,0,97,49,37,0,0,364,0,0
"Florida","Lee",2023,363,343,19,1,0,0,0,101,46,35,0,0,363,0,0
"Florida","Leon",2023,361,204,156,1,0,0,0,124,61,47,0,0,70,291,0
"Florida","Liberty",2023,347,340,7,0,0,0,0,64,44,33,0,0,347,0,0
"Florida","Manatee",2023,362,338,24,0,0,0,0,90,48,35,0,0,362,0,0
"Florida","Marion",2023,365,241,124,0,0,0,0,99,57,45,0,0,117,248,0
"Florida","Martin",2023,365,283,81,1,0,0,0,127,55,41,0,0,158,207,0
"Florida","Miami-Dade",2023,365,207,155,0,3,0,0,170,63,48,0,17,76,272,0
"Florida","Okaloosa",2023,241,218,23,0,0,0,0,84,50,37,0,0,234,0,7
"Florida","Orange",2023,365,267,96,2,0,0,0,115,62,43,0,2,196,167,0
"Florida","Osceola",2023,356,330,26,0,0,0,0,80,48,36,0,0,356,0,0
"Florida","Palm Beach",2023,365,260,104,1,0,0,0,122,58,43,0,0,123,242,0
"Florida","Pasco",2023,365,323,42,0,0,0,0,97,51,39,0,0,365,0,0
"Florida","Pinellas",2023,365,217,145,3,0,0,0,113,62,47,0,0,125,237,3
"Florida","Polk",2023,365,275,89,1,0,0,0,101,58,42,0,0,220,145,0
"Florida","Putnam",2023,356,355,1,0,0,0,0,54,31,17,0,0,0,0,356
"Florida","Santa Rosa",2023,365,207,157,1,0,0,0,103,64,47,0,0,107,258,0
"Florida","Sarasota",2023,365,232,132,1,0,0,0,143,61,47,0,0,141,224,0
"Florida","Seminole",2023,364,299,64,1,0,0,0,106,56,40,0,0,213,150,1
"Florida","St. Lucie",2023,361,352,9,0,0,0,0,80,45,35,0,0,361,0,0
"Florida","Volusia",2023,365,262,102,1,0,0,0,118,58,44,0,0,149,216,0
"Florida","Wakulla",2023,365,272,93,0,0,0,0,80,58,39,3,0,125,237,0
"Georgia","Bibb",2023,351,136,211,3,1,0,0,157,71,53,0,0,44,307,0
"Georgia","Charlton",2023,120,109,11,0,0,0,0,74,48,27,0,0,0,120,0
"Georgia","Chatham",2023,352,197,153,2,0,0,0,108,63,48,0,0,52,300,0
"Georgia","Chattooga",2023,244,225,19,0,0,0,0,100,49,38,0,0,244,0,0
"Georgia","Clarke",2023,365,173,189,3,0,0,0,147,71,52,0,0,98,267,0
"Georgia","Clayton",2023,121,60,61,0,0,0,0,98,63,51,0,0,0,121,0
"Georgia","Cobb",2023,323,215,105,3,0,0,0,125,65,43,0,0,183,140,0
"Georgia","Coffee",2023,191,128,62,1,0,0,0,130,59,41,0,0,0,191,0
"Georgia","Columbia",2023,242,233,9,0,0,0,0,74,47,36,0,0,242,0,0
"Georgia","Dawson",2023,244,222,20,2,0,0,0,126,49,38,0,0,244,0,0
"Georgia","DeKalb",2023,365,140,218,7,0,0,0,136,70,53,0,20,63,282,0
"Georgia","Dougherty",2023,364,177,182,5,0,0,0,140,71,51,0,0,0,364,0
"Georgia","Douglas",2023,245,199,40,6,0,0,0,136,64,41,0,0,245,0,0
"Georgia","Floyd",2023,322,184,137,1,0,0,0,110,63,46,0,0,0,322,0
"Georgia","Fulton",2023,365,155,198,10,2,0,0,172,71,53,1,2,105,257,0
"Georgia","Glynn",2023,363,243,120,0,0,0,0,90,61,43,0,0,69,294,0
"Georgia","Gwinnett",2023,365,186,172,7,0,0,0,140,74,50,0,0,115,250,0
"Georgia","Hall",2023,363,166,194,3,0,0,0,137,68,52,0,0,0,363,0
"Georgia","Henry",2023,361,226,128,6,1,0,0,153,63,44,0,0,107,254,0
"Georgia","Houston",2023,365,190,174,0,1,0,0,152,66,49,0,0,0,365,0
"Georgia","Lowndes",2023,359,188,167,4,0,0,0,126,66,48,0,0,0,359,0
"Georgia","Murray",2023,281,235,42,4,0,0,0,108,58,41,0,0,228,53,0
"Georgia","Muscogee",2023,365,154,208,2,1,0,0,154,71,52,0,0,55,310,0
"Georgia","Pike",2023,361,309,47,5,0,0,0,133,58,39,0,0,361,0,0
"Georgia","Richmond",2023,365,170,195,0,0,0,0,93,69,51,0,0,58,307,0
"Georgia","Rockdale",2023,242,207,31,4,0,0,0,136,61,40,0,0,242,0,0
"Georgia","Sumter",2023,245,225,20,0,0,0,0,87,49,38,0,0,245,0,0
"Georgia","Walker",2023,362,129,229,4,0,0,0,145,70,53,0,0,0,362,0
"Georgia","Washington",2023,360,160,197,2,1,0,0,161,71,52,0,0,0,360,0
"Hawaii","Hawaii",2023,365,336,29,0,0,0,0,71,45,23,0,0,0,365,0
"Hawaii","Honolulu",2023,365,337,27,1,0,0,0,117,47,31,0,0,174,187,4
"Hawaii","Maui",2023,347,344,2,0,1,0,0,152,33,20,0,0,0,347,0
"Idaho","Ada",2023,365,251,111,3,0,0,0,120,64,44,0,5,245,114,1
"Idaho","Bannock",2023,365,293,39,2,0,0,31,557,77,41,0,0,168,123,74
"Idaho","Benewah",2023,365,201,160,2,2,0,0,164,72,48,0,0,0,365,0
"Idaho","Blaine",2023,330,323,7,0,0,0,0,63,33,19,0,0,0,330,0
"Idaho","Boise",2023,365,250,115,0,0,0,0,98,58,39,0,0,0,365,0
"Idaho","Bonner",2023,363,273,86,2,1,1,0,261,60,34,0,0,0,343,20
"Idaho","Bonneville",2023,348,326,22,0,0,0,0,84,44,25,0,0,0,348,0
"Idaho","Butte",2023,362,320,42,0,0,0,0,80,51,44,0,0,360,2,0
"Idaho","Canyon",2023,364,268,96,0,0,0,0,88,59,34,0,0,0,350,14
"Idaho","Custer",2023,104,103,1,0,0,0,0,60,25,8,0,0,0,104,0
"Idaho","Franklin",2023,361,310,47,3,1,0,0,155,54,24,0,0,0,361,0
"Idaho","Idaho",2023,365,233,132,0,0,0,0,98,62,44,0,0,143,222,0
"Idaho","Kootenai",2023,361,279,78,2,1,1,0,222,60,32,0,0,0,361,0
"Idaho","Latah",2023,360,320,38,1,1,0,0,183,52,22,0,0,0,360,0
"Idaho","Lemhi",2023,363,251,110,2,0,0,0,119,63,32,0,0,0,363,0
"Idaho","Nez Perce",2023,365,256,106,2,1,0,0,199,61,36,0,0,0,365,0
"Idaho","Shoshone",2023,365,197,162,3,3,0,0,160,68,47,0,0,0,363,2
"Idaho","Twin Falls",2023,344,328,16,0,0,0,0,80,42,25,0,0,0,344,0
"Idaho","Valley",2023,360,255,105,0,0,0,0,78,61,36,0,0,0,360,0
"Illinois","Adams",2023,245,184,49,12,0,0,0,136,77,43,0,0,245,0,0
"Illinois","Champaign",2023,365,196,156,11,1,1,0,277,70,48,0,0,150,215,0
"Illinois","Clark",2023,358,320,33,5,0,0,0,136,51,36,0,0,358,0,0
"Illinois","Cook",2023,365,104,227,27,5,2,0,223,93,57,0,8,97,252,8
"Illinois","DuPage",2023,365,146,202,11,4,2,0,234,77,53,0,0,101,264,0
"Illinois","Effingham",2023,242,182,50,10,0,0,0,140,74,44,0,0,242,0,0
"Illinois","Hamilton",2023,365,213,141,10,1,0,0,157,67,46,0,0,112,253,0
"Illinois","Jersey",2023,365,199,148,17,1,0,0,166,77,48,0,0,134,231,0
"Illinois","Jo Daviess",2023,353,302,42,8,1,0,0,154,58,36,0,0,353,0,0
"Illinois","Kane",2023,288,178,89,16,5,0,0,174,87,46,0,0,198,90,0
"Illinois","Lake",2023,243,182,47,13,1,0,0,179,84,42,0,0,243,0,0
"Illinois","Macon",2023,365,171,178,14,1,1,0,287,76,51,0,0,117,248,0
"Illinois","Macoupin",2023,365,310,45,10,0,0,0,129,61,37,0,121,244,0,0
"Illinois","Madison",2023,363,113,234,14,2,0,0,155,81,55,0,0,124,239,0
"Illinois","McHenry",2023,365,191,153,16,4,1,0,230,82,49,0,0,118,247,0
"Illinois","McLean",2023,365,184,168,10,2,1,0,289,74,50,0,0,112,253,0
"Illinois","Peoria",2023,340,187,131,21,1,0,0,151,77,48,0,0,174,166,0
"Illinois","Randolph",2023,365,215,137,11,2,0,0,156,68,46,0,0,132,233,0
"Illinois","Rock Island",2023,365,178,167,16,3,1,0,232,77,51,0,0,103,262,0
"Illinois","Saint Clair",2023,365,128,223,12,2,0,0,169,77,54,0,1,76,288,0
"Illinois","Sangamon",2023,365,182,163,17,2,1,0,247,74,51,0,0,112,253,0
"Illinois","Will",2023,365,155,191,14,3,2,0,246,78,53,0,0,85,280,0
"Illinois","Winnebago",2023,365,167,178,17,1,2,0,242,77,52,0,0,100,265,0
"Indiana","Allen",2023,361,267,89,5,0,0,0,129,64,42,0,0,291,70,0
"Indiana","Bartholomew",2023,361,234,119,7,0,1,0,215,64,46,0,0,204,157,0
"Indiana","Boone",2023,362,307,46,8,1,0,0,185,61,37,0,0,362,0,0
"Indiana","Brown",2023,347,313,32,2,0,0,0,126,50,37,0,0,347,0,0
"Indiana","Carroll",2023,351,308,38,5,0,0,0,122,54,36,0,0,351,0,0
"Indiana","Clark",2023,365,146,208,10,1,0,0,182,72,52,0,0,98,267,0
"Indiana","Delaware",2023,363,287,71,5,0,0,0,121,62,40,0,0,313,50,0
"Indiana","Dubois",2023,239,152,86,1,0,0,0,130,60,44,0,0,0,236,3
"Indiana","Elkhart",2023,365,228,130,5,2,0,0,193,69,44,0,0,174,191,0
"Indiana","Floyd",2023,347,224,116,6,1,0,0,177,67,46,0,0,183,164,0
"Indiana","Greene",2023,365,234,120,9,1,1,0,217,65,44,0,0,184,181,0
"Indiana","Hamilton",2023,364,220,134,8,2,0,0,190,69,46,0,0,168,196,0
"Indiana","Hendricks",2023,360,324,32,4,0,0,0,119,51,37,0,0,360,0,0
"Indiana","Henry",2023,348,214,124,8,2,0,0,192,64,44,0,0,0,348,0
"Indiana","Howard",2023,365,234,119,10,2,0,0,199,67,45,0,0,184,181,0
"Indiana","Knox",2023,364,313,43,8,0,0,0,126,58,39,0,0,364,0,0
"Indiana","LaPorte",2023,365,277,76,12,0,0,0,133,68,39,0,0,303,62,0
"Indiana","Lake",2023,365,125,222,16,1,1,0,215,80,55,0,0,69,294,2
"Indiana","Madison",2023,365,203,150,10,1,1,0,229,71,48,0,0,142,223,0
"Indiana","Marion",2023,365,84,260,17,3,1,0,259,89,60,0,0,55,310,0
"Indiana","Monroe",2023,365,245,115,3,1,1,0,230,61,40,0,0,0,365,0
"Indiana","Perry",2023,357,318,37,2,0,0,0,112,51,38,0,0,357,0,0
"Indiana","Porter",2023,365,206,137,20,2,0,0,180,77,48,0,0,152,204,9
"Indiana","Posey",2023,354,304,43,7,0,0,0,126,61,38,0,0,354,0,0
"Indiana","Shelby",2023,359,317,38,4,0,0,0,147,58,37,0,0,359,0,0
"Indiana","Spencer",2023,120,80,39,0,1,0,0,170,57,43,0,0,0,120,0
"Indiana","St. Joseph",2023,365,175,177,10,2,1,0,223,73,51,0,0,126,239,0
"Indiana","Tippecanoe",2023,349,237,106,4,1,1,0,206,61,42,0,0,0,349,0
"Indiana","Vanderburgh",2023,365,152,205,7,1,0,0,179,70,52,0,0,119,246,0
"Indiana","Vigo",2023,365,182,175,6,1,1,0,232,69,51,0,0,144,221,0
"Indiana","Wabash",2023,364,313,48,3,0,0,0,126,58,36,0,0,364,0,0
"Indiana","Warrick",2023,365,311,47,7,0,0,0,133,58,38,0,0,365,0,0
"Indiana","Whitley",2023,363,195,161,4,2,1,0,223,66,48,0,0,0,363,0
"Iowa","Black Hawk",2023,354,147,200,4,3,0,0,187,68,53,0,0,0,354,0
"Iowa","Bremer",2023,235,180,45,9,1,0,0,151,74,42,0,0,235,0,0
"Iowa","Cerro Gordo",2023,60,58,2,0,0,0,0,56,41,19,0,0,0,0,60
"Iowa","Clinton",2023,365,132,215,14,3,1,0,235,80,54,0,0,90,275,0
"Iowa","Harrison",2023,238,163,59,16,0,0,0,140,90,44,0,0,238,0,0
"Iowa","Johnson",2023,365,143,216,2,3,1,0,210,68,53,0,0,0,365,0
"Iowa","Lee",2023,60,36,24,0,0,0,0,97,64,47,0,0,0,60,0
"Iowa","Linn",2023,365,130,217,14,3,1,0,207,80,54,0,0,86,279,0
"Iowa","Montgomery",2023,364,226,131,7,0,0,0,147,70,44,0,0,136,228,0
"Iowa","Muscatine",2023,365,188,173,1,2,1,0,207,66,49,0,0,0,365,0
"Iowa","Palo Alto",2023,364,211,135,14,4,0,0,161,80,46,0,0,133,231,0
"Iowa","Polk",2023,365,168,182,12,3,0,0,166,73,52,0,3,81,281,0
"Iowa","Pottawattamie",2023,122,64,57,0,1,0,0,151,65,49,0,0,0,121,1
"Iowa","Scott",2023,365,142,200,19,3,1,0,219,77,53,0,0,113,225,27
"Iowa","Van Buren",2023,363,208,148,5,2,0,0,176,65,46,0,0,107,256,0
"Iowa","Woodbury",2023,118,71,45,0,2,0,0,169,64,43,0,0,0,118,0
"Kansas","Chase",2023,117,98,19,0,0,0,0,79,54,29,0,0,0,117,0
"Kansas","Ford",2023,308,289,18,1,0,0,0,147,40,15,0,0,0,0,308
"Kansas","Johnson",2023,365,189,166,7,3,0,0,165,70,49,0,0,148,210,7
"Kansas","Leavenworth",2023,364,303,51,10,0,0,0,129,64,37,0,0,364,0,0
"Kansas","Neosho",2023,365,147,215,1,2,0,0,161,71,54,0,0,120,236,9
"Kansas","Sedgwick",2023,365,207,153,4,1,0,0,157,67,48,0,6,219,138,2
"Kansas","Shawnee",2023,363,196,159,6,2,0,0,164,71,48,0,0,176,185,2
"Kansas","Sherman",2023,334,315,19,0,0,0,0,78,44,19,0,0,0,69,265
"Kansas","Sumner",2023,365,179,182,3,1,0,0,152,67,51,0,0,166,188,11
"Kansas","Trego",2023,365,211,149,4,1,0,0,164,71,47,0,10,201,153,1
"Kansas","Wyandotte",2023,365,174,174,15,2,0,0,166,78,51,0,9,128,227,1
"Kentucky","Bell",2023,365,185,177,3,0,0,0,131,67,49,0,0,74,291,0
"Kentucky","Boone",2023,245,187,51,6,1,0,0,156,67,44,0,0,245,0,0
"Kentucky","Boyd",2023,363,226,133,2,2,0,0,159,64,46,0,1,119,242,1
"Kentucky","Bullitt",2023,238,188,44,6,0,0,0,126,71,44,0,0,238,0,0
"Kentucky","Campbell",2023,360,234,120,4,2,0,0,187,66,44,0,0,112,248,0
"Kentucky","Carter",2023,364,284,78,1,1,0,0,153,58,40,0,0,131,233,0
"Kentucky","Christian",2023,365,213,147,5,0,0,0,117,63,47,0,0,93,272,0
"Kentucky","Daviess",2023,218,99,110,8,1,0,0,170,77,51,0,1,74,143,0
"Kentucky","Edmonson",2023,363,319,40,4,0,0,0,115,52,39,5,0,332,26,0
"Kentucky","Fayette",2023,365,232,131,1,1,0,0,167,64,45,0,4,139,222,0
"Kentucky","Greenup",2023,241,221,20,0,0,0,0,84,50,39,0,0,241,0,0
"Kentucky","Hancock",2023,245,201,38,6,0,0,0,140,61,42,0,0,245,0,0
"Kentucky","Hardin",2023,365,225,136,3,1,0,0,151,66,45,0,0,116,249,0
"Kentucky","Jefferson",2023,365,123,226,15,1,0,0,171,81,55,0,2,94,269,0
"Kentucky","Jessamine",2023,245,211,32,2,0,0,0,122,58,43,0,0,245,0,0
"Kentucky","Livingston",2023,238,189,44,5,0,0,0,126,67,42,0,0,238,0,0
"Kentucky","McCracken",2023,355,203,145,7,0,0,0,126,66,47,0,2,115,238,0
"Kentucky","Morgan",2023,364,341,23,0,0,0,0,93,49,38,0,0,364,0,0
"Kentucky","Oldham",2023,242,195,46,1,0,0,0,105,64,42,0,0,242,0,0
"Kentucky","Perry",2023,365,223,138,4,0,0,0,137,65,45,0,0,49,316,0
"Kentucky","Pike",2023,364,286,76,2,0,0,0,127,59,39,0,0,116,248,0
"Kentucky","Pulaski",2023,363,232,129,2,0,0,0,120,61,45,0,0,95,268,0
"Kentucky","Simpson",2023,244,204,33,7,0,0,0,122,61,43,0,0,244,0,0
"Kentucky","Warren",2023,365,238,124,2,1,0,0,155,62,44,0,0,94,271,0
"Kentucky","Washington",2023,358,315,41,2,0,0,0,108,51,40,0,0,358,0,0
"Louisiana","Ascension",2023,362,310,49,2,1,0,0,154,58,34,0,12,350,0,0
"Louisiana","Bossier",2023,360,148,211,1,0,0,0,114,67,53,0,0,49,308,3
"Louisiana","Caddo",2023,353,277,76,0,0,0,0,100,61,38,0,0,291,62,0
"Louisiana","Calcasieu",2023,365,139,221,5,0,0,0,133,74,54,0,0,116,249,0
"Louisiana","East Baton Rouge",2023,365,149,208,8,0,0,0,147,67,52,0,0,107,258,0
"Louisiana","Iberville",2023,365,253,99,12,1,0,0,154,84,44,0,0,311,54,0
"Louisiana","Jefferson",2023,364,181,179,4,0,0,0,126,69,51,0,2,147,215,0
"Louisiana","Lafayette",2023,365,211,153,1,0,0,0,112,64,47,0,0,186,177,2
"Louisiana","Lafourche",2023,365,153,211,1,0,0,0,101,69,53,0,0,80,285,0
"Louisiana","Livingston",2023,364,134,225,5,0,0,0,133,70,54,0,0,106,258,0
"Louisiana","Orleans",2023,365,248,117,0,0,0,0,90,59,41,1,35,0,312,17
"Louisiana","Ouachita",2023,358,283,75,0,0,0,0,100,58,38,0,0,289,69,0
"Louisiana","Pointe Coupee",2023,362,323,36,3,0,0,0,112,51,36,0,0,362,0,0
"Louisiana","Rapides",2023,119,74,45,0,0,0,0,80,64,43,0,0,0,119,0
"Louisiana","St. Bernard",2023,365,156,207,2,0,0,0,119,67,52,0,0,112,253,0
"Louisiana","St. James",2023,351,314,35,2,0,0,0,115,51,33,0,0,351,0,0
"Louisiana","St. John the Baptist",2023,358,315,39,4,0,0,0,112,58,35,0,0,358,0,0
"Louisiana","St. Martin",2023,364,316,47,1,0,0,0,112,54,37,0,0,364,0,0
"Louisiana","St. Tammany",2023,365,248,116,1,0,0,0,105,61,42,0,0,199,166,0
"Louisiana","Tangipahoa",2023,124,81,43,0,0,0,0,71,56,43,0,0,0,124,0
"Louisiana","Terrebonne",2023,115,77,35,2,1,0,0,176,58,43,0,0,0,115,0
"Louisiana","West Baton Rouge",2023,362,154,199,9,0,0,0,140,67,52,0,1,93,268,0
"Maine","Androscoggin",2023,359,296,63,0,0,0,0,77,55,35,0,0,153,205,1
"Maine","Aroostook",2023,365,277,85,3,0,0,0,142,59,37,0,0,128,222,15
"Maine","Cumberland",2023,365,266,96,3,0,0,0,120,64,40,0,7,179,175,4
"Maine","Hancock",2023,365,314,51,0,0,0,0,93,54,38,0,0,321,44,0
"Maine","Kennebec",2023,299,242,57,0,0,0,0,92,59,37,0,0,136,161,2
"Maine","Knox",2023,301,296,5,0,0,0,0,87,44,33,0,0,301,0,0
"Maine","Oxford",2023,356,288,68,0,0,0,0,83,56,38,0,0,150,206,0
"Maine","Penobscot",2023,358,294,64,0,0,0,0,89,55,35,0,0,161,193,4
"Maine","Sagadahoc",2023,208,193,15,0,0,0,0,100,49,39,0,0,208,0,0
"Maine","Washington",2023,362,343,19,0,0,0,0,74,47,36,0,0,278,84,0
"Maine","York",2023,328,304,24,0,0,0,0,84,49,35,0,0,328,0,0
"Maryland","Anne Arundel",2023,263,225,36,2,0,0,0,150,58,40,0,0,244,0,19
"Maryland","Baltimore",2023,365,228,124,9,3,1,0,205,71,45,0,7,231,127,0
"Maryland","Baltimore (City)",2023,365,242,116,4,3,0,0,192,71,44,0,26,168,171,0
"Maryland","Calvert",2023,238,206,31,1,0,0,0,101,54,42,0,0,238,0,0
"Maryland","Carroll",2023,244,183,57,4,0,0,0,143,74,44,0,0,244,0,0
"Maryland","Cecil",2023,360,266,88,2,4,0,0,190,64,42,0,0,197,163,0
"Maryland","Charles",2023,243,199,42,2,0,0,0,115,64,42,0,0,243,0,0
"Maryland","Dorchester",2023,365,268,90,4,3,0,0,179,61,44,0,0,238,127,0
"Maryland","Frederick",2023,232,167,59,6,0,0,0,136,77,44,0,0,232,0,0
"Maryland","Garrett",2023,360,297,61,0,2,0,0,170,58,40,4,0,283,73,0
"Maryland","Harford",2023,359,238,111,7,3,0,0,200,74,45,0,0,189,170,0
"Maryland","Howard",2023,365,268,93,1,3,0,0,188,59,38,0,64,0,301,0
"Maryland","Kent",2023,361,276,78,4,3,0,0,199,61,41,0,0,193,168,0
"Maryland","Montgomery",2023,357,291,61,2,3,0,0,165,61,42,0,0,195,162,0
"Maryland","Prince George's",2023,365,253,101,8,3,0,0,192,67,44,0,1,226,138,0
"Maryland","Washington",2023,355,267,82,4,2,0,0,172,60,42,0,0,185,170,0
"Massachusetts","Barnstable",2023,358,331,24,3,0,0,0,140,49,37,0,0,336,22,0
"Massachusetts","Berkshire",2023,365,257,101,4,3,0,0,170,59,41,0,0,168,197,0
"Massachusetts","Bristol",2023,365,269,87,9,0,0,0,137,61,42,0,0,244,121,0
"Massachusetts","Dukes",2023,363,332,25,6,0,0,0,133,48,38,0,0,342,21,0
"Massachusetts","Essex",2023,365,243,120,2,0,0,0,105,60,44,0,1,160,204,0
"Massachusetts","Franklin",2023,365,246,113,5,1,0,0,154,61,43,0,0,139,226,0
"Massachusetts","Hampden",2023,365,220,139,4,2,0,0,153,62,46,0,1,130,234,0
"Massachusetts","Hampshire",2023,365,292,67,6,0,0,0,138,55,38,0,3,227,135,0
"Massachusetts","Middlesex",2023,365,281,83,1,0,0,0,101,57,39,0,7,193,165,0
"Massachusetts","Norfolk",2023,365,276,85,4,0,0,0,136,58,41,0,1,229,135,0
"Massachusetts","Plymouth",2023,365,278,83,4,0,0,0,114,58,40,0,0,210,155,0
"Massachusetts","Suffolk",2023,365,231,134,0,0,0,0,99,62,44,0,17,94,254,0
"Massachusetts","Worcester",2023,365,268,93,4,0,0,0,148,58,39,0,5,190,170,0
"Michigan","Allegan",2023,360,246,102,11,1,0,0,161,80,42,0,0,200,160,0
"Michigan","Bay",2023,363,229,128,3,3,0,0,192,63,42,0,0,0,363,0
"Michigan","Benzie",2023,238,198,37,2,1,0,0,156,71,38,0,0,238,0,0
"Michigan","Berrien",2023,244,181,52,11,0,0,0,143,80,42,0,0,244,0,0
"Michigan","Cass",2023,244,190,45,9,0,0,0,126,71,42,0,0,244,0,0
"Michigan","Clinton",2023,240,206,31,3,0,0,0,136,61,38,0,0,240,0,0
"Michigan","Genesee",2023,364,238,115,8,3,0,0,178,74,44,0,0,158,206,0
"Michigan","Huron",2023,240,209,27,4,0,0,0,133,58,39,0,0,240,0,0
"Michigan","Ingham",2023,363,229,123,7,4,0,0,194,73,43,0,2,178,183,0
"Michigan","Kalamazoo",2023,358,151,198,6,2,1,0,225,77,53,0,0,97,261,0
"Michigan","Kent",2023,365,188,165,9,2,1,0,220,80,49,1,13,153,198,0
"Michigan","Keweenaw",2023,119,105,12,2,0,0,0,141,52,16,0,0,0,119,0
"Michigan","Lenawee",2023,364,188,166,8,2,0,0,165,70,50,0,0,143,221,0
"Michigan","Macomb",2023,364,182,170,8,4,0,0,195,75,51,0,0,120,244,0
"Michigan","Manistee",2023,309,244,57,7,1,0,0,161,69,39,0,0,230,79,0
"Michigan","Mason",2023,221,178,41,2,0,0,0,143,67,40,0,0,221,0,0
"Michigan","Missaukee",2023,362,203,153,4,1,1,0,201,72,48,0,0,88,274,0
"Michigan","Monroe",2023,65,59,6,0,0,0,0,82,45,25,0,0,0,0,65
"Michigan","Muskegon",2023,242,187,44,11,0,0,0,147,87,41,0,0,242,0,0
"Michigan","Oakland",2023,261,193,58,9,1,0,0,169,74,41,0,0,208,53,0
"Michigan","Ottawa",2023,356,176,172,5,2,1,0,227,74,51,0,0,105,251,0
"Michigan","Schoolcraft",2023,360,298,59,3,0,0,0,134,61,36,0,0,191,169,0
"Michigan","St. Clair",2023,362,186,163,9,4,0,0,197,71,49,0,0,106,256,0
"Michigan","Tuscola",2023,362,324,32,5,1,0,0,154,51,34,0,0,362,0,0
"Michigan","Washtenaw",2023,365,168,184,9,2,2,0,218,76,52,0,0,121,244,0
"Michigan","Wayne",2023,365,70,272,19,3,1,0,226,89,61,0,2,33,329,1
"Michigan","Wexford",2023,359,314,42,3,0,0,0,105,61,35,0,0,359,0,0
"Minnesota","Anoka",2023,365,217,131,15,2,0,0,175,83,46,0,6,194,164,1
"Minnesota","Becker",2023,365,224,133,6,2,0,0,173,73,44,0,0,121,244,0
"Minnesota","Beltrami",2023,360,247,107,5,1,0,0,156,73,27,0,0,0,360,0
"Minnesota","Carlton",2023,362,266,91,4,1,0,0,156,63,38,0,0,126,236,0
"Minnesota","Cass",2023,359,260,94,5,0,0,0,145,64,32,0,0,0,359,0
"Minnesota","Cook",2023,346,298,47,1,0,0,0,120,54,13,0,0,0,346,0
"Minnesota","Crow Wing",2023,365,244,112,8,1,0,0,165,77,43,0,0,132,233,0
"Minnesota","Dakota",2023,365,184,171,7,3,0,0,185,73,49,0,10,0,355,0
"Minnesota","Goodhue",2023,238,198,35,5,0,0,0,133,71,43,0,0,238,0,0
"Minnesota","Hennepin",2023,365,173,175,14,3,0,0,187,80,52,1,8,69,273,14
"Minnesota","Lake",2023,365,282,81,2,0,0,0,114,61,36,0,0,109,256,0
"Minnesota","Lyon",2023,361,206,142,10,3,0,0,173,78,46,0,0,120,241,0
"Minnesota","Mille Lacs",2023,237,213,19,5,0,0,0,136,51,40,0,0,237,0,0
"Minnesota","Olmsted",2023,365,189,161,14,1,0,0,167,76,49,0,0,119,246,0
"Minnesota","Ramsey",2023,365,188,167,7,3,0,0,190,71,49,0,0,0,352,13
"Minnesota","Saint Louis",2023,365,221,136,6,1,1,0,286,74,44,0,1,168,190,6
"Minnesota","Scott",2023,365,173,175,12,5,0,0,179,88,51,0,0,146,219,0
"Minnesota","Stearns",2023,365,199,152,11,3,0,0,184,83,48,0,0,112,253,0
"Minnesota","Washington",2023,240,194,38,8,0,0,0,140,77,42,0,0,240,0,0
"Minnesota","Winona",2023,119,95,22,1,1,0,0,169,58,28,0,0,0,119,0
"Minnesota","Wright",2023,349,183,145,18,3,0,0,186,87,49,0,0,113,236,0
"Mississippi","Bolivar",2023,364,162,198,4,0,0,0,126,71,52,0,0,67,297,0
"Mississippi","DeSoto",2023,360,122,231,7,0,0,0,134,76,54,0,0,74,286,0
"Mississippi","Forrest",2023,365,145,220,0,0,0,0,94,68,53,0,0,0,365,0
"Mississippi","Hancock",2023,364,188,175,1,0,0,0,112,67,50,0,0,112,252,0
"Mississippi","Harrison",2023,361,166,193,2,0,0,0,105,68,51,0,0,102,259,0
"Mississippi","Hinds",2023,365,131,231,3,0,0,0,115,74,54,0,0,97,268,0
"Mississippi","Jackson",2023,364,176,186,2,0,0,0,108,67,51,0,0,77,287,0
"Mississippi","Lauderdale",2023,242,227,15,0,0,0,0,87,48,38,0,0,242,0,0
"Mississippi","Lee",2023,245,212,31,2,0,0,0,122,54,42,0,0,245,0,0
"Mississippi","Yalobusha",2023,344,328,15,1,0,0,0,119,48,36,0,0,344,0,0
"Missouri","Andrew",2023,244,176,62,6,0,0,0,122,77,43,0,0,244,0,0
"Missouri","Boone",2023,244,195,44,5,0,0,0,143,67,42,0,0,244,0,0
"Missouri","Buchanan",2023,363,196,165,2,0,0,0,129,63,48,0,0,0,347,16
"Missouri","Callaway",2023,245,197,43,5,0,0,0,133,64,43,0,0,245,0,0
"Missouri","Cass",2023,332,242,85,5,0,0,0,143,64,44,0,0,197,135,0
"Missouri","Cedar",2023,363,256,103,4,0,0,0,122,67,44,0,0,188,175,0
"Missouri","Clay",2023,350,228,105,16,1,0,0,153,80,43,0,0,212,138,0
"Missouri","Clinton",2023,245,168,66,11,0,0,0,133,84,44,0,0,245,0,0
"Missouri","Greene",2023,365,188,171,6,0,0,0,122,68,49,0,0,111,254,0
"Missouri","Jackson",2023,365,171,192,1,1,0,0,155,68,52,0,21,0,313,31
"Missouri","Jasper",2023,365,288,73,4,0,0,0,119,65,42,0,0,228,0,137
"Missouri","Jefferson",2023,362,225,121,14,2,0,0,185,72,44,0,0,157,204,1
"Missouri","Lincoln",2023,245,177,53,15,0,0,0,140,80,44,0,0,245,0,0
"Missouri","Monroe",2023,364,317,44,3,0,0,0,119,58,38,0,0,361,0,3
"Missouri","Perry",2023,245,179,55,11,0,0,0,150,74,44,0,0,245,0,0
"Missouri","Saint Charles",2023,245,156,74,15,0,0,0,147,87,45,0,0,245,0,0
"Missouri","Saint Louis",2023,365,218,130,14,3,0,0,166,74,46,0,13,168,184,0
"Missouri","Sainte Genevieve",2023,245,195,38,12,0,0,0,147,74,44,0,0,245,0,0
"Missouri","St. Louis City",2023,365,89,260,14,2,0,0,172,84,58,0,0,69,269,27
"Missouri","Stoddard",2023,110,79,31,0,0,0,0,98,63,37,0,0,0,110,0
"Missouri","Taney",2023,105,88,17,0,0,0,0,75,55,29,0,0,0,105,0
"Montana","Beaverhead",2023,358,344,12,2,0,0,0,124,28,13,0,0,0,358,0
"Montana","Cascade",2023,351,176,169,5,1,0,0,170,65,50,0,0,0,351,0
"Montana","Custer",2023,364,288,66,4,5,1,0,260,61,39,0,5,228,130,1
"Montana","Fergus",2023,364,315,43,4,2,0,0,185,54,41,0,1,305,58,0
"Montana","Flathead",2023,365,237,120,6,2,0,0,160,68,43,0,0,135,213,17
"Montana","Gallatin",2023,365,331,34,0,0,0,0,98,48,26,0,3,0,362,0
"Montana","Glacier",2023,354,315,33,5,1,0,0,166,52,12,0,0,0,354,0
"Montana","Hill",2023,214,170,38,2,3,1,0,215,65,23,0,0,0,214,0
"Montana","Lake",2023,109,101,6,1,1,0,0,157,43,13,0,0,0,109,0
"Montana","Lewis and Clark",2023,365,240,120,3,2,0,0,165,63,45,0,0,183,182,0
"Montana","Lincoln",2023,364,151,209,2,2,0,0,189,73,53,0,0,0,364,0
"Montana","Missoula",2023,364,156,200,8,0,0,0,134,76,53,0,0,67,297,0
"Montana","Phillips",2023,364,289,64,4,7,0,0,199,59,38,0,0,270,93,1
"Montana","Powder River",2023,355,244,99,6,6,0,0,195,71,44,0,1,215,108,31
"Montana","Powell",2023,109,100,7,2,0,0,0,115,47,14,0,0,0,109,0
"Montana","Ravalli",2023,363,293,69,1,0,0,0,110,58,22,0,0,0,363,0
"Montana","Richland",2023,364,267,87,5,4,1,0,219,64,39,0,0,258,106,0
"Montana","Roosevelt",2023,72,62,9,0,1,0,0,161,52,13,0,0,0,72,0
"Montana","Rosebud",2023,285,279,5,1,0,0,0,132,18,3,0,177,0,108,0
"Montana","Sanders",2023,364,263,96,3,2,0,0,181,58,37,0,0,0,361,3
"Montana","Sheridan",2023,112,96,12,3,1,0,0,160,56,18,0,0,0,112,0
"Montana","Silver Bow",2023,365,268,94,3,0,0,0,124,66,31,0,0,0,331,34
"Montana","Yellowstone",2023,357,306,47,3,1,0,0,191,53,29,0,0,0,357,0
"Nebraska","Cass",2023,354,344,10,0,0,0,0,66,35,17,0,0,0,0,354
"Nebraska","Douglas",2023,365,211,130,22,2,0,0,169,91,45,0,0,221,143,1
"Nebraska","Gage",2023,351,262,86,2,1,0,0,163,56,34,0,0,0,351,0
"Nebraska","Hall",2023,342,251,88,0,3,0,0,190,58,35,0,0,0,342,0
"Nebraska","Knox",2023,341,271,56,13,1,0,0,151,80,41,0,0,341,0,0
"Nebraska","Lancaster",2023,283,197,83,2,1,0,0,160,64,42,0,0,212,71,0
"Nebraska","Sarpy",2023,330,230,98,1,1,0,0,152,59,37,0,0,0,330,0
"Nebraska","Scotts Bluff",2023,343,298,44,0,0,1,0,225,52,21,0,0,0,343,0
"Nebraska","Washington",2023,360,258,98,3,1,0,0,154,60,33,0,0,0,360,0
"Nevada","Carson City",2023,363,236,126,1,0,0,0,105,63,47,0,0,270,93,0
"Nevada","Churchill",2023,354,295,59,0,0,0,0,90,58,43,0,0,354,0,0
"Nevada","Clark",2023,365,106,233,25,1,0,0,197,100,61,0,1,247,101,16
"Nevada","Douglas",2023,359,296,63,0,0,0,0,73,56,28,0,0,0,359,0
"Nevada","Elko",2023,364,318,46,0,0,0,0,74,51,31,0,0,178,4,182
"Nevada","Lyon",2023,349,325,24,0,0,0,0,87,49,41,0,0,349,0,0
"Nevada","Nye",2023,365,339,20,6,0,0,0,147,41,19,0,0,0,0,365
"Nevada","Washoe",2023,365,191,174,0,0,0,0,97,71,50,0,4,248,112,1
"Nevada","White Pine",2023,361,293,68,0,0,0,0,93,58,44,0,0,359,2,0
"New Hampshire","Belknap",2023,365,310,54,1,0,0,0,105,54,35,0,0,147,218,0
"New Hampshire","Cheshire",2023,363,253,108,2,0,0,0,125,61,41,0,0,149,214,0
"New Hampshire","Coos",2023,364,318,42,4,0,0,0,136,54,43,0,0,358,6,0
"New Hampshire","Grafton",2023,365,311,54,0,0,0,0,100,53,37,0,0,230,135,0
"New Hampshire","Hillsborough",2023,365,305,55,5,0,0,0,119,58,39,3,0,293,69,0
"New Hampshire","Merrimack",2023,213,197,16,0,0,0,0,100,48,39,0,0,213,0,0
"New Hampshire","Rockingham",2023,365,276,89,0,0,0,0,100,59,40,0,0,239,126,0
"New Jersey","Atlantic",2023,365,270,90,3,1,1,0,265,60,38,0,0,142,223,0
"New Jersey","Bergen",2023,365,204,152,5,4,0,0,197,69,48,0,29,91,245,0
"New Jersey","Camden",2023,365,184,174,4,2,1,0,211,69,50,0,7,149,209,0
"New Jersey","Cumberland",2023,361,262,94,3,1,1,0,203,61,43,0,3,199,159,0
"New Jersey","Gloucester",2023,321,236,77,5,3,0,0,185,69,43,0,0,198,123,0
"New Jersey","Hudson",2023,365,218,142,1,3,1,0,203,64,44,0,73,99,193,0
"New Jersey","Hunterdon",2023,364,233,121,6,3,1,0,262,64,44,0,0,184,180,0
"New Jersey","Mercer",2023,365,194,160,6,4,1,0,244,70,49,0,0,123,242,0
"New Jersey","Middlesex",2023,365,229,124,7,4,1,0,247,67,44,0,11,160,194,0
"New Jersey","Monmouth",2023,247,210,35,2,0,0,0,140,61,39,0,0,247,0,0
"New Jersey","Morris",2023,363,314,43,4,2,0,0,154,55,37,0,13,311,39,0
"New Jersey","Ocean",2023,365,261,95,7,1,1,0,248,64,42,0,0,165,200,0
"New Jersey","Passaic",2023,353,241,104,4,4,0,0,199,63,42,0,0,133,220,0
"New Jersey","Union",2023,365,163,197,1,3,1,0,227,69,52,0,36,0,329,0
"New Jersey","Warren",2023,361,241,114,1,5,0,0,197,61,41,0,24,90,247,0
"New Mexico","Bernalillo",2023,365,97,264,3,0,1,0,207,84,59,0,1,193,88,83
"New Mexico","Catron",2023,119,108,10,0,1,0,0,175,49,13,0,0,0,119,0
"New Mexico","Chaves",2023,118,107,11,0,0,0,0,75,47,24,0,0,0,118,0
"New Mexico","Dona Ana",2023,365,162,189,11,3,0,0,196,87,52,0,9,210,81,65
"New Mexico","Eddy",2023,365,195,151,19,0,0,0,143,93,49,0,0,364,1,0
"New Mexico","Lea",2023,364,235,122,7,0,0,0,133,74,45,0,3,287,74,0
"New Mexico","Lincoln",2023,119,116,3,0,0,0,0,55,32,14,0,0,0,119,0
"New Mexico","Los Alamos",2023,121,121,0,0,0,0,0,50,27,14,0,0,0,121,0
"New Mexico","Luna",2023,351,334,15,1,1,0,0,157,35,16,0,0,0,0,351
"New Mexico","Rio Arriba",2023,346,318,28,0,0,0,0,71,49,43,0,0,336,10,0
"New Mexico","San Juan",2023,365,249,112,4,0,0,0,117,74,46,0,1,362,0,2
"New Mexico","Sandoval",2023,340,270,70,0,0,0,0,87,64,44,0,0,340,0,0
"New Mexico","Santa Fe",2023,362,284,78,0,0,0,0,84,64,44,0,0,332,30,0
"New Mexico","Socorro",2023,118,117,1,0,0,0,0,51,30,14,0,0,0,118,0
"New Mexico","Taos",2023,350,332,18,0,0,0,0,67,43,20,0,0,0,350,0
"New Mexico","Valencia",2023,361,289,72,0,0,0,0,87,61,42,0,0,361,0,0
"New York","Albany",2023,365,245,113,4,3,0,0,186,62,42,0,0,115,250,0
"New York","Bronx",2023,365,197,159,5,3,1,0,253,69,47,0,33,100,232,0
"New York","Chautauqua",2023,363,322,36,5,0,0,0,133,54,37,0,0,335,28,0
"New York","Dutchess",2023,347,333,13,1,0,0,0,108,46,33,0,0,347,0,0
"New York","Erie",2023,365,198,159,5,3,0,0,176,69,48,0,4,86,275,0
"New York","Essex",2023,365,296,59,8,2,0,0,161,60,42,0,0,316,49,0
"New York","Hamilton",2023,354,337,17,0,0,0,0,90,46,33,0,0,354,0,0
"New York","Jefferson",2023,362,344,17,1,0,0,0,101,44,33,0,0,362,0,0
"New York","Kings",2023,364,207,152,1,3,1,0,249,65,46,0,0,0,364,0
"New York","Monroe",2023,365,237,120,3,5,0,0,176,64,42,0,0,128,237,0
"New York","Nassau",2023,365,275,86,1,3,0,0,197,57,31,0,0,0,365,0
"New York","New York",2023,365,194,162,5,3,1,0,208,67,48,0,0,135,230,0
"New York","Niagara",2023,356,335,21,0,0,0,0,97,46,33,0,0,356,0,0
"New York","Oneida",2023,351,275,70,3,3,0,0,190,56,32,0,0,0,351,0
"New York","Onondaga",2023,361,273,80,4,3,1,0,258,59,40,0,0,184,177,0
"New York","Orange",2023,357,270,81,3,3,0,0,185,58,34,0,0,0,357,0
"New York","Oswego",2023,356,341,14,1,0,0,0,105,44,33,0,0,356,0,0
"New York","Putnam",2023,350,334,13,3,0,0,0,140,45,32,0,0,350,0,0
"New York","Queens",2023,365,188,165,7,4,1,0,278,72,50,0,23,104,238,0
"New York","Richmond",2023,364,255,101,3,4,1,0,227,62,42,0,0,166,198,0
"New York","Rockland",2023,363,288,66,6,3,0,0,197,58,38,0,0,222,141,0
"New York","Saratoga",2023,365,352,12,1,0,0,0,122,44,31,0,0,365,0,0
"New York","Steuben",2023,365,274,83,3,4,1,0,256,64,40,0,0,212,153,0
"New York","Suffolk",2023,365,278,74,11,2,0,0,195,62,41,0,1,278,86,0
"New York","Tompkins",2023,357,332,25,0,0,0,0,100,47,35,0,0,357,0,0
"New York","Wayne",2023,348,328,17,3,0,0,0,112,46,33,0,0,348,0,0
"New York","Westchester",2023,365,287,71,4,3,0,0,198,58,39,0,0,221,144,0
"North Carolina","Alexander",2023,302,275,26,1,0,0,0,105,50,38,0,0,243,0,59
"North Carolina","Avery",2023,283,246,37,0,0,0,0,98,53,39,0,0,218,65,0
"North Carolina","Buncombe",2023,365,261,104,0,0,0,0,99,60,43,0,0,133,232,0
"North Carolina","Caldwell",2023,245,220,25,0,0,0,0,97,51,40,0,0,245,0,0
"North Carolina","Carteret",2023,352,319,31,2,0,0,0,105,50,38,0,0,352,0,0
"North Carolina","Caswell",2023,350,325,25,0,0,0,0,97,49,36,0,0,244,0,106
"North Carolina","Catawba",2023,347,212,132,3,0,0,0,115,61,43,0,0,0,347,0
"North Carolina","Cumberland",2023,365,201,163,1,0,0,0,129,67,48,0,0,122,241,2
"North Carolina","Davidson",2023,362,195,164,3,0,0,0,126,63,47,0,0,0,362,0
"North Carolina","Durham",2023,365,163,196,4,2,0,0,181,69,52,0,0,74,291,0
"North Carolina","Edgecombe",2023,357,266,91,0,0,0,0,99,59,41,0,0,135,222,0
"North Carolina","Forsyth",2023,365,165,193,6,1,0,0,154,71,52,0,3,111,251,0
"North Carolina","Graham",2023,242,188,49,5,0,0,0,115,67,46,0,0,242,0,0
"North Carolina","Granville",2023,242,202,39,1,0,0,0,105,58,43,0,0,242,0,0
"North Carolina","Guilford",2023,365,183,178,4,0,0,0,131,67,50,0,0,112,248,5
"North Carolina","Haywood",2023,278,204,69,5,0,0,0,112,71,45,0,0,245,33,0
"North Carolina","Hyde",2023,116,103,13,0,0,0,0,65,51,26,0,0,0,116,0
"North Carolina","Johnston",2023,365,240,124,1,0,0,0,115,60,44,0,0,125,240,0
"North Carolina","Lenoir",2023,305,272,32,1,0,0,0,105,51,39,0,0,244,0,61
"North Carolina","Lincoln",2023,244,202,42,0,0,0,0,97,58,43,0,0,244,0,0
"North Carolina","Macon",2023,361,342,19,0,0,0,0,93,46,34,0,0,361,0,0
"North Carolina","Martin",2023,244,230,14,0,0,0,0,77,47,36,0,0,244,0,0
"North Carolina","Mecklenburg",2023,365,174,185,6,0,0,0,150,71,51,0,2,149,214,0
"North Carolina","Mitchell",2023,353,281,71,1,0,0,0,104,55,33,0,0,0,353,0
"North Carolina","Montgomery",2023,363,200,160,3,0,0,0,134,63,48,0,0,114,249,0
"North Carolina","New Hanover",2023,362,237,124,1,0,0,0,142,62,44,0,0,91,271,0
"North Carolina","Northampton",2023,365,256,108,1,0,0,0,134,60,37,0,8,0,357,0
"North Carolina","Person",2023,244,221,22,1,0,0,0,101,50,41,0,0,244,0,0
"North Carolina","Pitt",2023,365,256,107,2,0,0,0,118,60,42,0,0,120,245,0
"North Carolina","Rockingham",2023,245,212,32,1,0,0,0,108,58,43,0,0,245,0,0
"North Carolina","Rowan",2023,363,210,150,3,0,0,0,122,66,47,0,0,177,186,0
"North Carolina","Swain",2023,365,267,96,2,0,0,0,115,59,41,0,0,145,220,0
"North Carolina","Union",2023,245,201,43,1,0,0,0,101,67,43,0,0,245,0,0
"North Carolina","Wake",2023,365,190,170,5,0,0,0,130,66,49,0,1,108,256,0
"North Carolina","Yancey",2023,240,179,60,1,0,0,0,101,67,45,0,0,240,0,0
"North Dakota","Billings",2023,365,282,73,7,2,1,0,226,64,39,0,0,258,107,0
"North Dakota","Burke",2023,361,221,119,11,9,1,0,287,81,44,0,0,202,159,0
"North Dakota","Burleigh",2023,365,225,118,14,7,1,0,272,81,42,0,10,134,221,0
"North Dakota","Cass",2023,358,180,166,10,2,0,0,175,84,50,0,1,112,245,0
"North Dakota","Dunn",2023,365,263,85,11,5,0,1,318,69,41,0,0,242,123,0
"North Dakota","McKenzie",2023,364,277,72,10,4,1,0,298,64,39,0,0,254,110,0
"North Dakota","Mercer",2023,365,252,97,10,5,0,1,322,73,41,0,0,217,148,0
"North Dakota","Oliver",2023,365,244,102,11,7,0,1,323,74,42,0,0,237,128,0
"North Dakota","Ward",2023,365,244,101,13,6,1,0,278,80,42,0,0,228,137,0
"Ohio","Allen",2023,365,252,105,5,3,0,0,194,67,44,0,0,171,194,0
"Ohio","Ashtabula",2023,245,208,35,2,0,0,0,147,64,42,0,0,245,0,0
"Ohio","Athens",2023,244,208,35,0,1,0,0,157,54,31,0,0,0,244,0
"Ohio","Belmont",2023,353,288,64,0,1,0,0,181,54,31,0,111,0,239,3
"Ohio","Butler",2023,365,107,242,12,4,0,0,197,80,56,0,0,71,287,7
"Ohio","Clark",2023,365,187,170,5,3,0,0,196,71,50,0,0,103,262,0
"Ohio","Clermont",2023,358,279,74,4,1,0,0,175,64,41,0,0,201,157,0
"Ohio","Clinton",2023,242,199,39,4,0,0,0,129,67,44,0,0,242,0,0
"Ohio","Columbiana",2023,61,60,1,0,0,0,0,74,26,11,0,0,0,0,61
"Ohio","Cuyahoga",2023,365,117,235,9,3,1,0,234,83,57,2,0,83,276,4
"Ohio","Delaware",2023,245,211,33,1,0,0,0,108,54,41,0,0,245,0,0
"Ohio","Franklin",2023,365,136,218,7,3,1,0,210,77,54,0,0,91,265,9
"Ohio","Geauga",2023,245,212,32,1,0,0,0,129,58,41,0,0,245,0,0
"Ohio","Greene",2023,244,187,53,4,0,0,0,126,67,44,0,0,244,0,0
"Ohio","Hamilton",2023,365,129,217,17,2,0,0,193,77,54,0,2,103,260,0
"Ohio","Jefferson",2023,365,188,173,2,0,2,0,229,70,49,0,0,107,258,0
"Ohio","Knox",2023,245,200,44,1,0,0,0,105,61,42,0,0,245,0,0
"Ohio","Lake",2023,365,259,96,7,3,0,0,170,77,42,0,0,180,185,0
"Ohio","Lawrence",2023,365,225,134,4,2,0,0,160,64,46,0,0,107,258,0
"Ohio","Licking",2023,245,209,36,0,0,0,0,97,61,43,0,0,245,0,0
"Ohio","Lorain",2023,243,221,22,0,0,0,0,90,50,37,0,0,243,0,0
"Ohio","Lucas",2023,365,217,133,13,2,0,0,190,79,45,0,0,162,203,0
"Ohio","Madison",2023,243,197,44,2,0,0,0,105,64,44,0,0,243,0,0
"Ohio","Mahoning",2023,365,187,172,3,2,1,0,226,73,49,0,0,115,250,0
"Ohio","Medina",2023,363,228,125,7,2,1,0,285,72,44,0,0,137,226,0
"Ohio","Miami",2023,244,193,48,3,0,0,0,112,67,43,0,0,244,0,0
"Ohio","Montgomery",2023,363,181,171,8,3,0,0,196,71,51,0,0,116,246,1
"Ohio","Noble",2023,352,307,42,2,0,1,0,207,54,39,0,0,319,33,0
"Ohio","Portage",2023,241,178,60,2,1,0,0,159,71,43,0,0,241,0,0
"Ohio","Preble",2023,358,213,136,6,2,1,0,204,69,46,0,0,137,221,0
"Ohio","Scioto",2023,365,223,135,5,2,0,0,172,64,44,0,0,0,321,44
"Ohio","Stark",2023,365,163,192,7,1,2,0,283,78,52,0,0,103,262,0
"Ohio","Summit",2023,348,209,131,5,2,1,0,230,74,46,0,0,150,198,0
"Ohio","Trumbull",2023,364,198,158,5,2,1,0,220,76,48,0,0,101,263,0
"Ohio","Warren",2023,364,230,127,5,2,0,0,183,72,44,0,0,162,202,0
"Ohio","Washington",2023,238,206,32,0,0,0,0,100,54,42,0,0,238,0,0
"Ohio","Wood",2023,241,198,39,4,0,0,0,126,61,40,0,0,241,0,0
"Oklahoma","Adair",2023,365,172,193,0,0,0,0,100,65,51,0,0,131,232,2
"Oklahoma","Canadian",2023,278,195,77,6,0,0,0,133,77,45,0,0,278,0,0
"Oklahoma","Carter",2023,344,189,138,17,0,0,0,136,87,48,0,0,210,134,0
"Oklahoma","Cleveland",2023,355,163,188,4,0,0,0,143,74,52,0,0,152,203,0
"Oklahoma","Comanche",2023,357,216,137,4,0,0,0,126,71,46,0,0,183,174,0
"Oklahoma","Creek",2023,249,196,50,3,0,0,0,136,64,44,0,0,249,0,0
"Oklahoma","Dewey",2023,365,221,144,0,0,0,0,100,71,46,0,0,182,183,0
"Oklahoma","Grant",2023,120,94,26,0,0,0,0,89,56,32,0,0,0,120,0
"Oklahoma","Jefferson",2023,231,152,74,5,0,0,0,133,74,46,0,0,231,0,0
"Oklahoma","Johnston",2023,246,166,75,4,1,0,0,161,84,46,0,0,246,0,0
"Oklahoma","Kay",2023,335,172,162,1,0,0,0,122,63,49,0,0,0,335,0
"Oklahoma","Mayes",2023,285,255,28,2,0,0,0,129,51,42,0,0,285,0,0
"Oklahoma","McClain",2023,246,144,91,11,0,0,0,143,87,48,0,0,246,0,0
"Oklahoma","Nowata",2023,336,132,200,4,0,0,0,140,74,54,0,0,139,197,0
"Oklahoma","Oklahoma",2023,365,150,210,5,0,0,0,136,74,53,0,12,140,208,5
"Oklahoma","Osage",2023,296,230,60,6,0,0,0,147,67,43,0,0,296,0,0
"Oklahoma","Ottawa",2023,364,141,215,7,1,0,0,162,76,54,0,0,70,287,7
"Oklahoma","Pittsburg",2023,355,196,152,7,0,0,0,119,69,49,0,0,153,202,0
"Oklahoma","Pontotoc",2023,358,252,106,0,0,0,0,93,64,42,0,0,258,94,6
"Oklahoma","Sequoyah",2023,365,227,138,0,0,0,0,84,62,46,0,0,107,258,0
"Oklahoma","Tulsa",2023,365,142,205,16,2,0,0,197,77,53,0,0,154,204,7
"Oregon","Baker",2023,363,301,62,0,0,0,0,83,55,30,0,0,0,363,0
"Oregon","Clackamas",2023,365,304,57,4,0,0,0,125,54,34,0,0,134,231,0
"Oregon","Columbia",2023,365,329,34,2,0,0,0,115,50,29,0,0,108,257,0
"Oregon","Crook",2023,365,267,86,6,6,0,0,171,63,33,0,0,0,365,0
"Oregon","Deschutes",2023,365,273,66,10,9,6,1,413,74,28,0,0,0,365,0
"Oregon","Grant",2023,365,207,156,2,0,0,0,110,68,44,0,0,0,365,0
"Oregon","Harney",2023,365,214,150,1,0,0,0,117,67,43,0,0,0,365,0
"Oregon","Jackson",2023,365,216,135,2,7,5,0,237,69,45,0,0,98,267,0
"Oregon","Jefferson",2023,365,266,93,3,1,2,0,238,63,31,0,0,0,365,0
"Oregon","Josephine",2023,365,205,129,10,11,7,3,872,83,44,0,0,0,365,0
"Oregon","Klamath",2023,365,216,137,7,5,0,0,181,75,39,0,0,0,365,0
"Oregon","Lake",2023,365,266,98,1,0,0,0,134,63,28,0,0,0,364,1
"Oregon","Lane",2023,365,190,159,9,6,1,0,211,79,49,0,0,78,287,0
"Oregon","Linn",2023,365,278,83,4,0,0,0,125,62,34,0,0,0,365,0
"Oregon","Marion",2023,365,268,93,4,0,0,0,128,65,38,0,0,130,235,0
"Oregon","Multnomah",2023,365,267,97,1,0,0,0,117,58,38,0,4,155,206,0
"Oregon","Umatilla",2023,365,259,103,0,1,2,0,267,61,42,0,0,125,240,0
"Oregon","Union",2023,361,305,56,0,0,0,0,95,54,26,0,0,0,360,1
"Oregon","Wallowa",2023,365,315,50,0,0,0,0,82,53,25,0,0,0,365,0
"Oregon","Wasco",2023,289,244,40,2,2,1,0,214,55,27,0,0,0,289,0
"Oregon","Washington",2023,365,269,94,2,0,0,0,115,59,36,0,4,142,219,0
"Pennsylvania","Adams",2023,365,188,166,7,3,1,0,241,77,50,0,0,175,190,0
"Pennsylvania","Allegheny",2023,365,121,227,15,1,1,0,237,84,56,0,0,71,294,0
"Pennsylvania","Armstrong",2023,362,238,117,4,1,2,0,210,71,44,0,0,170,192,0
"Pennsylvania","Beaver",2023,365,158,197,8,0,2,0,235,78,52,0,1,89,275,0
"Pennsylvania","Berks",2023,364,205,147,7,3,2,0,287,72,48,0,0,171,193,0
"Pennsylvania","Blair",2023,358,229,123,1,4,1,0,213,67,43,0,0,120,238,0
"Pennsylvania","Bradford",2023,289,237,51,1,0,0,0,108,57,40,0,0,196,93,0
"Pennsylvania","Bucks",2023,296,241,50,4,1,0,0,200,71,39,0,0,296,0,0
"Pennsylvania","Cambria",2023,363,213,147,0,2,1,0,201,67,46,1,2,108,252,0
"Pennsylvania","Centre",2023,365,239,118,3,5,0,0,199,68,45,0,0,188,177,0
"Pennsylvania","Chester",2023,361,220,134,3,2,2,0,248,66,45,0,0,126,235,0
"Pennsylvania","Cumberland",2023,365,212,146,3,2,2,0,224,68,44,0,0,0,365,0
"Pennsylvania","Dauphin",2023,365,169,184,7,3,2,0,255,79,52,0,0,114,251,0
"Pennsylvania","Delaware",2023,365,187,169,5,2,2,0,271,74,50,0,1,111,253,0
"Pennsylvania","Elk",2023,363,343,20,0,0,0,0,100,47,35,0,0,363,0,0
"Pennsylvania","Erie",2023,365,240,116,6,3,0,0,180,64,42,1,3,148,212,1
"Pennsylvania","Fayette",2023,304,220,82,2,0,0,0,129,64,44,0,0,232,72,0
"Pennsylvania","Franklin",2023,301,267,32,2,0,0,0,133,51,39,0,0,301,0,0
"Pennsylvania","Greene",2023,302,219,81,2,0,0,0,108,64,44,0,0,202,100,0
"Pennsylvania","Indiana",2023,363,264,92,4,2,1,0,220,61,41,0,0,168,195,0
"Pennsylvania","Lackawanna",2023,365,230,127,3,4,1,0,292,64,44,0,7,140,218,0
"Pennsylvania","Lancaster",2023,365,108,243,9,3,1,1,321,85,58,0,0,61,304,0
"Pennsylvania","Lawrence",2023,267,254,12,1,0,0,0,119,48,34,0,0,267,0,0
"Pennsylvania","Lebanon",2023,365,204,151,5,3,2,0,265,74,47,0,0,127,238,0
"Pennsylvania","Lehigh",2023,363,230,126,2,4,0,1,337,67,43,0,0,134,229,0
"Pennsylvania","Lycoming",2023,283,242,38,3,0,0,0,119,58,38,0,0,214,69,0
"Pennsylvania","Mercer",2023,364,237,122,3,2,0,0,196,67,44,0,0,219,145,0
"Pennsylvania","Monroe",2023,294,270,21,3,0,0,0,126,48,34,0,0,294,0,0
"Pennsylvania","Montgomery",2023,365,232,127,1,3,2,0,284,67,44,0,0,144,221,0
"Pennsylvania","Northampton",2023,362,209,146,2,4,0,1,368,68,46,0,0,135,227,0
"Pennsylvania","Philadelphia",2023,365,83,268,9,3,1,1,331,84,58,0,3,66,296,0
"Pennsylvania","Somerset",2023,365,333,32,0,0,0,0,93,49,35,0,0,365,0,0
"Pennsylvania","Susquehanna",2023,152,126,26,0,0,0,0,64,53,28,0,0,0,152,0
"Pennsylvania","Tioga",2023,304,254,50,0,0,0,0,100,59,41,0,0,242,62,0
"Pennsylvania","Washington",2023,365,180,175,7,1,2,0,212,72,51,0,0,127,238,0
"Pennsylvania","Westmoreland",2023,298,227,70,1,0,0,0,133,60,42,0,0,179,119,0
"Pennsylvania","Wyoming",2023,146,123,23,0,0,0,0,68,54,27,0,0,0,146,0
"Pennsylvania","York",2023,356,198,150,4,3,1,0,256,72,48,0,1,147,208,0
"Puerto Rico","Bayamon",2023,216,193,23,0,0,0,0,74,52,22,40,0,25,151,0
"Puerto Rico","Caguas",2023,256,242,13,1,0,0,0,105,34,6,134,33,0,89,0
"Puerto Rico","Catano",2023,209,96,101,10,2,0,0,155,91,52,0,0,0,156,53
"Puerto Rico","Fajardo",2023,108,88,20,0,0,0,0,72,61,30,0,0,0,100,8
"Puerto Rico","Guayama",2023,59,57,2,0,0,0,0,55,37,15,0,0,0,0,59
"Puerto Rico","Guaynabo",2023,107,82,25,0,0,0,0,74,59,32,0,0,0,102,5
"Puerto Rico","Mayagnez",2023,285,254,31,0,0,0,0,64,51,25,0,0,77,208,0
"Puerto Rico","Ponce",2023,340,258,82,0,0,0,0,83,58,30,93,0,0,55,192
"Rhode Island","Kent",2023,357,287,66,4,0,0,0,126,55,40,0,0,156,201,0
"Rhode Island","Providence",2023,365,217,144,4,0,0,0,125,63,46,0,2,123,240,0
"Rhode Island","Washington",2023,355,287,58,10,0,0,0,140,58,40,0,0,166,189,0
"South Carolina","Aiken",2023,275,252,23,0,0,0,0,80,49,39,0,0,275,0,0
"South Carolina","Anderson",2023,270,233,37,0,0,0,0,97,58,42,0,0,270,0,0
"South Carolina","Berkeley",2023,273,260,11,2,0,0,0,105,48,36,0,0,273,0,0
"South Carolina","Charleston",2023,365,212,153,0,0,0,0,93,64,47,0,0,68,295,2
"South Carolina","Chesterfield",2023,365,242,122,1,0,0,0,134,62,42,0,0,97,268,0
"South Carolina","Darlington",2023,271,238,33,0,0,0,0,93,51,40,0,0,271,0,0
"South Carolina","Edgefield",2023,365,217,148,0,0,0,0,96,64,44,0,0,117,248,0
"South Carolina","Florence",2023,364,191,172,1,0,0,0,104,64,49,0,0,0,364,0
"South Carolina","Greenville",2023,365,167,196,2,0,0,0,126,70,52,0,2,134,229,0
"South Carolina","Horry",2023,332,238,94,0,0,0,0,100,62,43,0,0,143,189,0
"South Carolina","Lexington",2023,149,96,53,0,0,0,0,77,58,41,0,0,0,140,9
"South Carolina","Richland",2023,365,207,154,4,0,0,0,123,64,47,0,1,127,237,0
"South Carolina","Spartanburg",2023,365,166,194,5,0,0,0,136,71,51,0,0,100,265,0
"South Carolina","York",2023,365,213,149,3,0,0,0,115,67,47,0,0,169,196,0
"South Dakota","Brookings",2023,365,274,84,5,2,0,0,162,71,42,0,0,241,83,41
"South Dakota","Brown",2023,365,289,68,7,1,0,0,166,60,29,0,0,0,292,73
"South Dakota","Clay",2023,365,244,103,15,3,0,0,173,80,43,0,0,197,168,0
"South Dakota","Codington",2023,363,215,135,12,1,0,0,164,77,45,0,0,135,209,19
"South Dakota","Custer",2023,365,308,48,4,5,0,0,167,58,43,0,0,303,59,3
"South Dakota","Hughes",2023,359,321,30,3,4,1,0,223,52,14,0,0,0,359,0
"South Dakota","Jackson",2023,365,277,80,3,4,1,0,233,64,43,0,0,272,93,0
"South Dakota","Meade",2023,363,322,40,1,0,0,0,101,51,43,0,0,352,0,11
"South Dakota","Minnehaha",2023,365,235,103,23,4,0,0,181,93,44,0,6,254,96,9
"South Dakota","Pennington",2023,365,216,140,5,4,0,0,172,70,45,0,8,0,191,166
"Tennessee","Anderson",2023,237,212,24,1,0,0,0,105,51,41,0,0,237,0,0
"Tennessee","Blount",2023,365,224,133,8,0,0,0,137,67,46,0,0,203,162,0
"Tennessee","Claiborne",2023,351,324,25,2,0,0,0,105,49,38,0,0,351,0,0
"Tennessee","Davidson",2023,365,136,225,4,0,0,0,133,68,53,0,3,77,285,0
"Tennessee","DeKalb",2023,352,333,19,0,0,0,0,90,47,37,0,0,352,0,0
"Tennessee","Dyer",2023,360,267,93,0,0,0,0,81,59,39,0,0,0,360,0
"Tennessee","Hamilton",2023,365,175,187,3,0,0,0,137,71,51,0,0,107,258,0
"Tennessee","Jefferson",2023,241,210,29,2,0,0,0,112,54,42,0,0,241,0,0
"Tennessee","Knox",2023,365,162,199,4,0,0,0,149,68,52,0,0,79,286,0
"Tennessee","Lawrence",2023,359,246,113,0,0,0,0,98,60,41,0,0,0,359,0
"Tennessee","Loudon",2023,361,264,96,1,0,0,0,107,60,42,0,0,148,213,0
"Tennessee","Madison",2023,357,237,120,0,0,0,0,87,61,43,0,0,0,357,0
"Tennessee","Maury",2023,358,277,81,0,0,0,0,96,58,36,0,0,0,358,0
"Tennessee","McMinn",2023,355,238,115,2,0,0,0,114,61,39,0,0,0,355,0
"Tennessee","Montgomery",2023,351,271,79,1,0,0,0,105,58,36,0,0,0,351,0
"Tennessee","Putnam",2023,356,258,97,1,0,0,0,109,58,38,0,0,0,356,0
"Tennessee","Roane",2023,357,258,97,2,0,0,0,106,57,36,0,0,0,357,0
"Tennessee","Sevier",2023,268,205,60,3,0,0,0,115,64,45,0,0,268,0,0
"Tennessee","Shelby",2023,365,155,201,9,0,0,0,140,74,52,0,0,164,200,1
"Tennessee","Sullivan",2023,363,277,84,2,0,0,0,118,62,42,0,0,170,193,0
"Tennessee","Sumner",2023,353,242,104,7,0,0,0,133,64,45,0,0,160,193,0
"Tennessee","Williamson",2023,244,197,45,2,0,0,0,122,61,43,0,0,244,0,0
"Tennessee","Wilson",2023,244,211,29,4,0,0,0,126,54,42,0,0,244,0,0
"Texas","Atascosa",2023,330,210,120,0,0,0,0,86,64,42,0,0,0,330,0
"Texas","Bell",2023,365,231,128,6,0,0,0,133,74,44,0,0,246,119,0
"Texas","Bexar",2023,365,164,189,10,1,0,1,309,79,52,0,1,141,223,0
"Texas","Bowie",2023,321,130,190,1,0,0,0,107,65,53,0,0,0,321,0
"Texas","Brazoria",2023,365,301,47,16,1,0,0,156,67,36,0,7,336,22,0
"Texas","Brazos",2023,348,233,115,0,0,0,0,79,60,39,0,0,0,348,0
"Texas","Brewster",2023,359,262,96,1,0,0,0,101,58,43,0,0,228,131,0
"Texas","Cameron",2023,365,161,198,6,0,0,0,141,77,54,0,0,103,262,0
"Texas","Collin",2023,356,261,74,19,2,0,0,154,80,41,0,0,356,0,0
"Texas","Culberson",2023,107,101,6,0,0,0,0,89,44,20,0,0,0,107,0
"Texas","Dallas",2023,365,122,216,26,1,0,0,172,84,55,0,5,124,233,3
"Texas","Denton",2023,365,200,133,27,5,0,0,177,93,49,0,2,247,116,0
"Texas","Ector",2023,355,285,70,0,0,0,0,84,56,33,0,0,0,355,0
"Texas","El Paso",2023,365,69,277,18,1,0,0,155,90,64,0,5,109,206,45
"Texas","Ellis",2023,348,286,60,2,0,0,0,112,61,36,0,20,328,0,0
"Texas","Galveston",2023,362,177,164,19,2,0,0,159,74,51,0,5,170,187,0
"Texas","Gregg",2023,365,304,59,1,1,0,0,151,67,35,0,1,364,0,0
"Texas","Harris",2023,365,44,273,38,9,1,0,205,121,64,0,1,102,239,23
"Texas","Harrison",2023,359,207,151,1,0,0,0,111,65,47,0,1,136,222,0
"Texas","Hidalgo",2023,357,206,151,0,0,0,0,95,68,44,0,0,19,338,0
"Texas","Hood",2023,361,289,61,11,0,0,0,143,74,39,0,0,361,0,0
"Texas","Hunt",2023,359,314,43,2,0,0,0,119,54,37,0,11,348,0,0
"Texas","Jefferson",2023,365,140,216,8,1,0,0,154,77,54,0,0,123,242,0
"Texas","Johnson",2023,362,283,71,8,0,0,0,126,74,38,0,0,362,0,0
"Texas","Karnes",2023,357,357,0,0,0,0,0,29,16,7,0,357,0,0,0
"Texas","Kaufman",2023,364,222,133,8,1,0,0,159,71,46,0,0,213,151,0
"Texas","Kleberg",2023,329,190,139,0,0,0,0,89,66,44,0,0,0,329,0
"Texas","Lubbock",2023,364,323,40,0,1,0,0,161,52,25,0,0,0,364,0
"Texas","Maverick",2023,330,239,90,1,0,0,0,101,63,34,0,0,0,330,0
"Texas","McLennan",2023,365,169,188,8,0,0,0,129,75,52,4,0,123,238,0
"Texas","Montgomery",2023,364,151,204,9,0,0,0,122,75,53,0,0,148,216,0
"Texas","Navarro",2023,364,217,147,0,0,0,0,100,69,46,0,0,190,174,0
"Texas","Nueces",2023,365,196,167,2,0,0,0,101,71,48,0,0,134,231,0
"Texas","Orange",2023,365,213,151,1,0,0,0,101,63,46,0,3,127,235,0
"Texas","Parker",2023,358,301,50,7,0,0,0,140,61,39,0,0,358,0,0
"Texas","Polk",2023,356,324,32,0,0,0,0,100,50,37,0,0,356,0,0
"Texas","Potter",2023,360,318,40,2,0,0,0,125,52,26,0,0,0,360,0
"Texas","Randall",2023,363,270,92,1,0,0,0,112,71,44,0,0,363,0,0
"Texas","Rockwall",2023,342,320,22,0,0,0,0,100,47,34,0,0,342,0,0
"Texas","Smith",2023,364,296,64,4,0,0,0,119,67,38,0,3,361,0,0
"Texas","Tarrant",2023,365,99,239,23,4,0,0,172,93,57,0,4,122,239,0
"Texas","Travis",2023,365,147,207,11,0,0,0,122,79,54,0,4,107,254,0
"Texas","Victoria",2023,356,345,11,0,0,0,0,74,44,31,0,0,356,0,0
"Texas","Webb",2023,365,227,133,5,0,0,0,133,71,44,0,0,161,199,5
"Texas","Wilson",2023,292,292,0,0,0,0,0,36,18,7,0,292,0,0,0
"Utah","Box Elder",2023,360,302,58,0,0,0,0,96,54,38,0,33,223,104,0
"Utah","Cache",2023,365,219,138,4,4,0,0,187,71,48,0,0,244,121,0
"Utah","Carbon",2023,363,329,34,0,0,0,0,70,50,42,0,0,343,20,0
"Utah","Davis",2023,365,211,141,12,1,0,0,151,84,47,0,22,254,87,2
"Utah","Duchesne",2023,365,180,151,22,11,1,0,215,99,51,0,0,289,72,4
"Utah","Garfield",2023,121,121,0,0,0,0,0,38,19,10,0,0,0,121,0
"Utah","Grand",2023,261,144,117,0,0,0,0,80,64,49,0,2,170,89,0
"Utah","Iron",2023,365,309,55,1,0,0,0,103,54,42,0,16,310,39,0
"Utah","Salt Lake",2023,365,149,200,15,1,0,0,154,90,54,0,23,214,120,8
"Utah","San Juan",2023,357,267,90,0,0,0,0,87,61,45,0,0,353,4,0
"Utah","Tooele",2023,365,248,117,0,0,0,0,97,71,45,0,0,294,71,0
"Utah","Uintah",2023,365,154,174,16,18,3,0,215,101,54,0,0,332,33,0
"Utah","Utah",2023,365,201,163,1,0,0,0,104,74,48,0,1,231,132,1
"Utah","Washington",2023,365,291,74,0,0,0,0,90,61,43,0,0,345,20,0
"Utah","Wayne",2023,117,115,2,0,0,0,0,54,21,12,0,0,0,117,0
"Utah","Weber",2023,365,218,141,6,0,0,0,141,74,47,0,10,279,76,0
"Vermont","Bennington",2023,359,290,63,4,2,0,0,157,56,38,0,0,215,144,0
"Vermont","Chittenden",2023,365,259,100,4,2,0,0,160,59,42,2,0,192,171,0
"Vermont","Rutland",2023,364,267,95,2,0,0,0,147,59,38,1,0,175,188,0
"Vermont","Windham",2023,119,112,7,0,0,0,0,95,38,14,0,0,0,119,0
"Virgin Islands","St John",2023,116,95,21,0,0,0,0,71,57,22,0,0,0,116,0
"Virginia","Albemarle",2023,364,254,104,3,3,0,0,168,64,44,0,0,125,239,0
"Virginia","Arlington",2023,365,302,58,3,2,0,0,181,58,38,2,52,259,52,0
"Virginia","Bristol City",2023,111,79,30,2,0,0,0,116,62,39,0,0,0,111,0
"Virginia","Caroline",2023,243,224,19,0,0,0,0,97,50,40,0,0,243,0,0
"Virginia","Carroll",2023,55,55,0,0,0,0,0,45,19,9,0,0,0,0,55
"Virginia","Charles",2023,365,273,89,2,1,0,0,151,59,40,0,7,124,234,0
"Virginia","Chesterfield",2023,278,242,35,1,0,0,0,139,54,41,0,0,207,71,0
"Virginia","Fairfax",2023,365,217,138,7,2,1,0,222,69,46,0,19,130,216,0
"Virginia","Fauquier",2023,242,223,17,2,0,0,0,115,49,39,0,0,242,0,0
"Virginia","Frederick",2023,363,240,114,5,4,0,0,185,66,44,0,0,125,238,0
"Virginia","Giles",2023,361,324,36,1,0,0,0,101,51,39,0,0,361,0,0
"Virginia","Hampton City",2023,365,241,122,1,1,0,0,174,63,43,0,0,132,233,0
"Virginia","Hanover",2023,229,213,15,1,0,0,0,101,50,40,0,0,229,0,0
"Virginia","Henrico",2023,365,221,140,3,1,0,0,159,64,46,1,3,141,220,0
"Virginia","Hopewell City",2023,59,59,0,0,0,0,0,50,15,7,0,0,0,0,59
"Virginia","Loudoun",2023,364,306,54,2,2,0,0,167,58,39,0,20,303,41,0
"Virginia","Lynchburg City",2023,119,93,24,2,0,0,0,135,58,34,0,0,0,119,0
"Virginia","Madison",2023,330,279,45,4,2,0,0,157,58,42,0,0,281,49,0
"Virginia","Norfolk City",2023,364,334,30,0,0,0,0,96,47,18,7,264,0,92,1
"Virginia","Prince Edward",2023,360,351,9,0,0,0,0,74,44,34,0,0,360,0,0
"Virginia","Prince William",2023,365,329,33,3,0,0,0,129,50,37,0,4,361,0,0
"Virginia","Richmond City",2023,365,227,134,1,3,0,0,158,62,45,0,41,0,324,0
"Virginia","Roanoke",2023,365,251,110,3,1,0,0,158,62,43,0,5,135,225,0
"Virginia","Rockbridge",2023,284,261,21,0,1,1,0,240,49,37,0,0,221,63,0
"Virginia","Rockingham",2023,365,322,40,2,1,0,0,168,53,37,0,93,215,57,0
"Virginia","Salem City",2023,120,87,32,1,0,0,0,146,61,36,0,0,0,120,0
"Virginia","Stafford",2023,365,332,31,1,1,0,0,169,50,37,0,0,365,0,0
"Virginia","Suffolk City",2023,245,230,14,1,0,0,0,115,48,40,0,0,245,0,0
"Virginia","Virginia Beach City",2023,364,246,117,0,1,0,0,167,60,41,0,0,0,364,0
"Virginia","Wythe",2023,244,224,20,0,0,0,0,87,49,40,0,0,244,0,0
"Washington","Adams",2023,365,330,32,1,0,2,0,267,50,21,0,0,0,365,0
"Washington","Asotin",2023,359,184,169,4,1,1,0,204,67,49,0,0,0,359,0
"Washington","Benton",2023,365,262,99,1,1,2,0,261,61,41,0,0,117,228,20
"Washington","Chelan",2023,365,280,80,1,2,2,0,266,59,34,0,0,0,365,0
"Washington","Clallam",2023,365,307,57,1,0,0,0,101,53,37,0,0,186,179,0
"Washington","Clark",2023,365,281,82,0,2,0,0,153,59,35,0,0,117,248,0
"Washington","Columbia",2023,365,319,43,0,2,1,0,259,52,39,0,0,256,109,0
"Washington","Cowlitz",2023,365,323,42,0,0,0,0,89,52,22,0,0,0,365,0
"Washington","Franklin",2023,307,270,32,2,0,3,0,255,52,26,0,0,0,307,0
"Washington","Garfield",2023,365,340,23,0,1,1,0,244,41,17,0,0,0,365,0
"Washington","Grant",2023,365,300,59,3,0,2,1,301,57,32,0,0,0,365,0
"Washington","Grays Harbor",2023,365,339,26,0,0,0,0,80,43,23,0,0,0,365,0
"Washington","Jefferson",2023,350,336,14,0,0,0,0,88,39,21,0,0,0,350,0
"Washington","King",2023,365,214,145,5,1,0,0,165,63,46,0,6,86,273,0
"Washington","Kitsap",2023,349,323,25,1,0,0,0,115,44,22,0,0,0,349,0
"Washington","Kittitas",2023,365,287,74,1,1,2,0,254,58,29,0,0,0,365,0
"Washington","Klickitat",2023,118,109,8,1,0,0,0,128,47,20,0,0,0,118,0
"Washington","Lewis",2023,362,314,46,1,1,0,0,159,54,25,0,0,0,362,0
"Washington","Mason",2023,363,313,49,1,0,0,0,106,53,24,0,0,0,363,0
"Washington","Okanogan",2023,365,185,171,2,5,2,0,299,73,49,0,0,0,365,0
"Washington","Pacific",2023,92,87,5,0,0,0,0,56,35,20,0,0,0,92,0
"Washington","Pierce",2023,365,273,89,0,3,0,0,195,62,42,0,2,213,150,0
"Washington","Skagit",2023,365,336,29,0,0,0,0,93,48,30,0,0,80,285,0
"Washington","Snohomish",2023,365,246,116,2,1,0,0,175,64,38,0,0,0,365,0
"Washington","Spokane",2023,365,257,104,1,1,1,1,447,65,42,0,0,127,232,6
"Washington","Stevens",2023,365,204,153,4,2,2,0,271,70,46,0,0,0,353,12
"Washington","Thurston",2023,358,327,31,0,0,0,0,82,48,28,0,0,140,218,0
"Washington","Walla Walla",2023,365,300,61,1,1,1,1,305,55,28,0,0,0,263,102
"Washington","Whatcom",2023,360,327,33,0,0,0,0,94,49,31,0,0,127,233,0
"Washington","Whitman",2023,365,323,40,0,0,1,1,326,53,26,0,0,0,365,0
"Washington","Yakima",2023,365,203,158,1,1,2,0,233,69,46,0,0,0,363,2
"West Virginia","Berkeley",2023,277,206,66,4,1,0,0,171,64,44,0,0,209,68,0
"West Virginia","Brooke",2023,362,316,43,2,1,0,0,183,52,19,0,0,0,118,244
"West Virginia","Cabell",2023,273,210,62,1,0,0,0,144,61,44,0,0,195,78,0
"West Virginia","Greenbrier",2023,242,227,15,0,0,0,0,87,48,38,0,0,242,0,0
"West Virginia","Hancock",2023,364,287,71,5,1,0,0,181,61,36,0,0,188,72,104
"West Virginia","Harrison",2023,107,82,24,0,1,0,0,166,61,39,0,0,0,107,0
"West Virginia","Kanawha",2023,361,254,106,0,1,0,0,153,58,42,0,0,136,225,0
"West Virginia","Marion",2023,118,84,33,0,1,0,0,170,58,39,0,0,0,118,0
"West Virginia","Marshall",2023,354,149,202,1,1,1,0,213,68,52,0,0,0,354,0
"West Virginia","Monongalia",2023,277,227,49,0,1,0,0,169,59,42,0,0,214,63,0
"West Virginia","Ohio",2023,280,224,52,3,1,0,0,184,61,41,0,0,207,73,0
"West Virginia","Tucker",2023,363,331,32,0,0,0,0,91,49,36,0,0,348,15,0
"West Virginia","Wood",2023,269,213,53,2,1,0,0,166,61,41,0,0,191,78,0
"Wisconsin","Ashland",2023,365,272,87,6,0,0,0,115,64,40,0,0,209,156,0
"Wisconsin","Brown",2023,365,216,136,8,5,0,0,179,74,44,0,0,107,258,0
"Wisconsin","Columbia",2023,203,133,52,16,2,0,0,159,93,44,0,0,203,0,0
"Wisconsin","Dane",2023,365,184,157,20,1,3,0,268,80,50,0,0,105,260,0
"Wisconsin","Dodge",2023,365,213,133,14,2,3,0,210,77,46,0,0,182,183,0
"Wisconsin","Door",2023,204,155,40,8,1,0,0,159,87,41,0,0,204,0,0
"Wisconsin","Eau Claire",2023,365,210,137,13,5,0,0,164,78,46,0,0,110,254,1
"Wisconsin","Fond du Lac",2023,204,162,38,4,0,0,0,122,67,41,0,0,204,0,0
"Wisconsin","Forest",2023,363,252,99,9,3,0,0,178,69,42,0,0,203,160,0
"Wisconsin","Grant",2023,365,198,160,4,2,1,0,221,68,48,0,0,0,365,0
"Wisconsin","Jackson",2023,362,253,103,4,2,0,0,157,61,33,0,0,0,362,0
"Wisconsin","Jefferson",2023,203,145,43,15,0,0,0,140,97,44,0,0,203,0,0
"Wisconsin","Kenosha",2023,365,201,139,20,4,1,0,206,87,48,0,0,166,199,0
"Wisconsin","Kewaunee",2023,203,142,53,6,2,0,0,182,87,43,0,0,203,0,0
"Wisconsin","La Crosse",2023,339,199,130,5,5,0,0,181,80,45,0,0,119,220,0
"Wisconsin","Manitowoc",2023,205,162,40,2,1,0,0,177,71,40,0,0,205,0,0
"Wisconsin","Marathon",2023,216,168,39,8,1,0,0,166,84,41,0,0,205,11,0
"Wisconsin","Milwaukee",2023,365,166,180,15,2,2,0,250,82,52,0,5,102,258,0
"Wisconsin","Monroe",2023,365,252,108,3,2,0,0,173,60,37,0,0,0,365,0
"Wisconsin","Outagamie",2023,360,195,152,8,5,0,0,186,78,48,0,0,85,275,0
"Wisconsin","Ozaukee",2023,363,219,126,14,2,2,0,210,84,45,0,0,148,215,0
"Wisconsin","Racine",2023,203,138,49,14,2,0,0,200,97,44,0,0,203,0,0
"Wisconsin","Rock",2023,205,131,52,20,2,0,0,177,108,46,0,0,205,0,0
"Wisconsin","Sauk",2023,362,218,123,16,4,1,0,271,77,44,0,0,124,237,1
"Wisconsin","Sheboygan",2023,203,132,53,16,1,1,0,207,100,45,0,0,203,0,0
"Wisconsin","Taylor",2023,365,239,114,7,5,0,0,169,70,43,0,0,190,175,0
"Wisconsin","Vilas",2023,340,247,81,10,2,0,0,168,75,39,0,0,123,217,0
"Wisconsin","Walworth",2023,203,138,48,17,0,0,0,143,93,44,0,0,203,0,0
"Wisconsin","Waukesha",2023,360,171,167,19,1,2,0,270,80,52,0,0,110,250,0
"Wyoming","Albany",2023,365,212,149,4,0,0,0,132,71,48,0,0,289,5,71
"Wyoming","Big Horn",2023,359,335,24,0,0,0,0,77,49,39,0,0,359,0,0
"Wyoming","Campbell",2023,365,245,113,6,1,0,0,177,67,45,0,0,193,38,134
"Wyoming","Carbon",2023,362,362,0,0,0,0,0,33,20,8,0,362,0,0,0
"Wyoming","Converse",2023,365,331,34,0,0,0,0,99,49,42,0,1,298,0,66
"Wyoming","Fremont",2023,365,215,147,3,0,0,0,110,65,49,0,0,277,88,0
"Wyoming","Johnson",2023,364,351,13,0,0,0,0,64,47,40,0,2,350,0,12
"Wyoming","Laramie",2023,365,275,85,4,1,0,0,156,61,45,0,1,304,53,7
"Wyoming","Lincoln",2023,365,298,67,0,0,0,0,97,58,44,0,9,344,5,7
"Wyoming","Natrona",2023,365,344,20,1,0,0,0,102,49,42,0,4,338,23,0
"Wyoming","Park",2023,360,343,16,1,0,0,0,122,33,14,0,0,0,360,0
"Wyoming","Platte",2023,364,334,25,1,3,0,1,320,47,14,0,0,0,0,364
"Wyoming","Sheridan",2023,365,283,79,2,1,0,0,175,59,43,0,0,247,112,6
"Wyoming","Sublette",2023,365,237,122,6,0,0,0,122,77,47,0,0,361,4,0
"Wyoming","Sweetwater",2023,365,253,103,8,0,1,0,211,71,47,0,0,328,8,29
"Wyoming","Teton",2023,365,321,44,0,0,0,0,75,51,43,0,0,351,14,0
"Wyoming","Uinta",2023,365,365,0,0,0,0,0,32,12,6,0,0,0,0,365
"Wyoming","Weston",2023,347,315,32,0,0,0,0,90,50,42,0,0,347,0,0
